w0,w1,w2,w3,a0,a1,a2,a3,b0,b1,b2,b3,direction
200,400,200,400,,,,,,,,,0
192,400,208,400,,,,,,,,,0
184,400,216,400,,,,,,,,,0
176,400,224,400,,,,,,,,,0
168,400,232,400,,,,,,,,,0
160,400,240,400,,,,,,,,,0
152,400,248,400,,,,,,,,,0
144,400,256,400,,,,,,,,,0
136,400,264,400,,,,,,,,,0
128,400,272,400,,,,,,,,,0
120,400,280,400,,,,,,,,,0
112,400,288,400,,,,,,,,,0
104,400,296,400,,,,,,,,,0
96,400,304,400,,,,,,,,,0
88,400,312,400,,,,,,,,,0
80,400,320,400,,,,,,,,,0
72,400,328,400,,,,,,,,,0
64,400,336,400,,,,,,,,,0
56,400,344,400,,,,,,,,,0
48,400,352,400,0.0,1.0,0.0,0.0,,,,,1
48,392,352,408,0.0,1.0,0.0,0.0,,,,,1
48,384,352,416,0.0,1.0,0.0,0.0,,,,,1
48,376,352,424,0.0,1.0,0.0,0.0,,,,,1
48,368,352,432,0.0,1.0,0.0,0.0,,,,,1
48,360,352,440,0.0,1.0,0.0,0.0,,,,,1
48,352,352,448,0.0,1.0,0.0,0.0,,,,,1
48,344,352,456,0.0,1.0,0.0,0.0,,,,,1
48,336,352,464,0.0,1.0,0.0,0.0,,,,,1
48,328,352,472,0.0,1.0,0.0,0.0,,,,,1
48,320,352,480,0.0,1.0,0.0,0.0,,,,,1
48,312,352,488,0.0,1.0,0.0,0.0,,,,,1
48,304,352,496,0.0,1.0,0.0,0.0,,,,,1
48,296,352,504,0.0,1.0,0.0,0.0,,,,,1
48,288,352,512,0.0,1.0,0.0,0.0,,,,,1
48,280,352,520,0.0,1.0,0.0,0.0,,,,,1
48,272,352,528,0.0,1.0,0.0,0.0,,,,,1
48,264,352,536,0.0,1.0,0.0,0.0,,,,,1
48,256,352,544,0.0,1.0,0.0,0.0,,,,,1
48,248,352,552,0.0,1.0,0.0,0.0,,,,,1
48,240,352,560,0.0,1.0,0.0,0.0,,,,,1
48,232,352,568,0.0,1.0,0.0,0.0,,,,,1
48,224,352,576,0.0,1.0,0.0,0.0,,,,,1
48,216,352,584,0.0,1.0,0.0,0.0,,,,,1
48,208,352,592,0.0,1.0,0.0,0.0,,,,,1
48,200,352,600,,,,,,,,,2
56,200,344,600,,,,,1.0,0.0,0.0,0.0,2
64,200,336,600,,,,,1.0,0.0,0.0,0.0,2
72,200,328,600,,,,,1.0,0.0,0.0,0.0,2
80,200,320,600,,,,,1.0,0.0,0.0,0.0,2
88,200,312,600,,,,,1.0,0.0,0.0,0.0,2
96,200,304,600,,,,,1.0,0.0,0.0,0.0,2
104,200,296,600,,,,,1.0,0.0,0.0,0.0,2
112,200,288,600,,,,,1.0,0.0,0.0,0.0,2
120,200,280,600,,,,,1.0,0.0,0.0,0.0,2
128,200,272,600,,,,,1.0,0.0,0.0,0.0,2
136,200,264,600,,,,,1.0,0.0,0.0,0.0,2
144,200,256,600,,,,,1.0,0.0,0.0,0.0,2
152,200,248,600,,,,,1.0,0.0,0.0,0.0,2
160,200,240,600,,,,,1.0,0.0,0.0,0.0,2
168,200,232,600,,,,,1.0,0.0,0.0,0.0,2
176,200,224,600,,,,,1.0,0.0,0.0,0.0,2
184,200,216,600,,,,,1.0,0.0,0.0,0.0,2
192,200,208,600,,,,,1.0,0.0,0.0,0.0,2
200,200,200,600,,,,,1.0,0.0,0.0,0.0,2
208,200,192,600,,,,,1.0,0.0,0.0,0.0,2
216,200,184,600,,,,,1.0,0.0,0.0,0.0,2
224,200,176,600,,,,,1.0,0.0,0.0,0.0,2
232,200,168,600,,,,,1.0,0.0,0.0,0.0,2
240,200,160,600,,,,,1.0,0.0,0.0,0.0,2
248,200,152,600,,,,,1.0,0.0,0.0,0.0,2
256,200,144,600,,,,,1.0,0.0,0.0,0.0,2
264,200,136,600,,,,,1.0,0.0,0.0,0.0,2
272,200,128,600,0.0,0.0,0.0,1.0,1.0,0.0,0.0,0.0,3
272,208,128,592,0.0,0.0,0.0,1.0,0.0,1.0,0.0,0.0,3
272,216,128,584,0.0,0.0,0.0,1.0,0.0,1.0,0.0,0.0,3
272,224,128,576,0.0,0.0,0.0,1.0,0.0,1.0,0.0,0.0,3
272,232,128,568,0.0,0.0,0.0,1.0,0.0,1.0,0.0,0.0,3
272,240,128,560,0.0,0.0,0.0,1.0,0.0,1.0,0.0,0.0,3
272,248,128,552,0.0,0.0,0.0,1.0,0.0,1.0,0.0,0.0,3
272,256,128,544,0.0,0.0,0.0,1.0,0.0,1.0,0.0,0.0,3
272,264,128,536,0.0,0.0,0.0,1.0,0.0,1.0,0.0,0.0,3
272,272,128,528,0.0,0.0,0.0,1.0,0.0,1.0,0.0,0.0,3
272,280,128,520,0.0,0.0,0.0,1.0,0.0,1.0,0.0,0.0,3
272,288,128,512,0.0,0.0,0.0,1.0,0.0,1.0,0.0,0.0,3
272,296,128,504,0.0,0.0,0.0,1.0,0.0,1.0,0.0,0.0,3
272,304,128,496,0.0,0.0,0.0,1.0,0.0,1.0,0.0,0.0,3
272,312,128,488,0.0,0.0,0.0,1.0,0.0,1.0,0.0,0.0,3
272,320,128,480,0.0,0.0,0.0,1.0,0.0,1.0,0.0,0.0,3
272,328,128,472,0.0,0.0,0.0,1.0,0.0,1.0,0.0,0.0,3
272,336,128,464,0.0,0.0,0.0,1.0,0.0,1.0,0.0,0.0,3
272,344,128,456,0.0,0.0,0.0,1.0,0.0,1.0,0.0,0.0,3
272,352,128,448,0.0,0.0,0.0,1.0,0.0,1.0,0.0,0.0,3
272,360,128,440,0.0,0.0,0.0,1.0,0.0,1.0,0.0,0.0,3
272,368,128,432,0.0,0.0,0.0,1.0,0.0,1.0,0.0,0.0,3
272,376,128,424,0.0,0.0,0.0,1.0,0.0,1.0,0.0,0.0,3
272,384,128,416,0.0,0.0,0.0,1.0,0.0,1.0,0.0,0.0,3
272,392,128,408,0.0,0.0,0.0,1.0,0.0,1.0,0.0,0.0,3
272,400,128,400,0.0,0.0,0.0,1.0,0.0,1.0,0.0,0.0,3
272,408,128,392,0.0,0.0,0.0,1.0,0.0,1.0,0.0,0.0,3
272,416,128,384,0.0,0.0,0.0,1.0,0.0,1.0,0.0,0.0,3
272,424,128,376,0.0,0.0,0.0,1.0,0.0,1.0,0.0,0.0,3
272,432,128,368,0.0,0.0,0.0,1.0,0.0,1.0,0.0,0.0,3
272,440,128,360,0.0,0.0,0.0,1.0,0.0,1.0,0.0,0.0,3
272,448,128,352,0.0,0.0,0.0,1.0,0.0,1.0,0.0,0.0,3
272,456,128,344,0.0,0.0,0.0,1.0,0.0,1.0,0.0,0.0,3
272,464,128,336,0.0,0.0,0.0,1.0,0.0,1.0,0.0,0.0,3
272,472,128,328,0.0,0.0,0.0,1.0,0.0,1.0,0.0,0.0,3
272,480,128,320,0.0,0.0,0.0,1.0,0.0,1.0,0.0,0.0,3
272,488,128,312,0.0,0.0,0.0,1.0,0.0,1.0,0.0,0.0,3
272,496,128,304,0.0,0.0,0.0,1.0,0.0,1.0,0.0,0.0,3
272,504,128,296,0.0,0.0,0.0,1.0,0.0,1.0,0.0,0.0,3
272,512,128,288,0.0,0.0,0.0,1.0,0.0,1.0,0.0,0.0,3
272,520,128,280,0.0,0.0,0.0,1.0,0.0,1.0,0.0,0.0,3
272,528,128,272,0.0,0.0,0.0,1.0,0.0,1.0,0.0,0.0,3
272,536,128,264,0.0,0.0,0.0,1.0,0.0,1.0,0.0,0.0,3
272,544,128,256,0.0,0.0,0.0,1.0,0.0,1.0,0.0,0.0,3
272,552,128,248,0.0,0.0,0.0,1.0,0.0,1.0,0.0,0.0,3
272,560,128,240,0.0,0.0,0.0,1.0,0.0,1.0,0.0,0.0,3
272,568,128,232,0.0,0.0,0.0,1.0,0.0,1.0,0.0,0.0,3
272,576,128,224,0.0,0.0,0.0,1.0,0.0,1.0,0.0,0.0,3
272,584,128,216,0.0,0.0,0.0,1.0,0.0,1.0,0.0,0.0,3
272,592,128,208,0.0,0.0,0.0,1.0,0.0,1.0,0.0,0.0,3
272,600,128,200,0.0,0.0,0.0,1.0,0.0,1.0,0.0,0.0,3
272,608,128,192,0.0,0.0,0.0,1.0,0.0,1.0,0.0,0.0,3
272,616,128,184,0.0,0.0,0.0,1.0,0.0,1.0,0.0,0.0,3
272,624,128,176,0.0,0.0,0.0,1.0,0.0,1.0,0.0,0.0,3
272,632,128,168,0.0,0.0,0.0,1.0,0.0,1.0,0.0,0.0,3
272,640,128,160,0.0,0.0,0.0,1.0,0.0,1.0,0.0,0.0,3
272,648,128,152,0.0,0.0,0.0,1.0,0.0,1.0,0.0,0.0,3
272,656,128,144,0.0,0.0,0.0,1.0,0.0,1.0,0.0,0.0,3
272,664,128,136,0.0,0.0,0.0,1.0,0.0,1.0,0.0,0.0,3
272,672,128,128,0.0,0.0,0.0,1.0,0.0,1.0,0.0,0.0,3
272,680,128,120,0.0,0.0,0.0,1.0,0.0,1.0,0.0,0.0,3
272,688,128,112,0.0,0.0,0.0,1.0,0.0,1.0,0.0,0.0,3
272,696,128,104,0.0,0.0,0.0,1.0,0.0,1.0,0.0,0.0,3
272,704,128,96,0.0,0.0,0.0,1.0,0.0,1.0,0.0,0.0,3
272,712,128,88,0.0,0.0,0.0,1.0,0.0,1.0,0.0,0.0,3
272,720,128,80,0.0,0.0,0.0,1.0,0.0,1.0,0.0,0.0,3
272,728,128,72,0.0,0.0,0.0,1.0,0.0,1.0,0.0,0.0,3
272,736,128,64,0.0,0.0,0.0,1.0,0.0,1.0,0.0,0.0,3
272,744,128,56,0.0,0.0,0.0,1.0,0.0,1.0,0.0,0.0,3
272,752,128,48,0.0,0.0,0.0,1.0,0.0,1.0,0.0,0.0,3
272,760,128,40,0.0,0.0,0.0,1.0,0.0,1.0,0.0,0.0,3
272,768,128,32,0.0,0.0,0.0,1.0,0.0,1.0,0.0,0.0,3
272,776,128,24,,,,,0.0,1.0,0.0,0.0,0
264,776,136,24,,,,,0.0,0.0,1.0,0.0,0
256,776,144,24,,,,,0.0,0.0,1.0,0.0,0
248,776,152,24,,,,,0.0,0.0,1.0,0.0,0
240,776,160,24,,,,,0.0,0.0,1.0,0.0,0
232,776,168,24,,,,,0.0,0.0,1.0,0.0,0
224,776,176,24,,,,,0.0,0.0,1.0,0.0,0
216,776,184,24,,,,,0.0,0.0,1.0,0.0,0
208,776,192,24,0.0,1.0,0.0,0.0,0.0,0.0,1.0,0.0,1
208,768,192,32,0.0,1.0,0.0,0.0,0.0,0.0,0.0,1.0,1
208,760,192,40,0.0,1.0,0.0,0.0,0.0,0.0,0.0,1.0,1
208,752,192,48,0.0,1.0,0.0,0.0,0.0,0.0,0.0,1.0,1
208,744,192,56,0.0,1.0,0.0,0.0,0.0,0.0,0.0,1.0,1
208,736,192,64,0.0,1.0,0.0,0.0,0.0,0.0,0.0,1.0,1
208,728,192,72,0.0,1.0,0.0,0.0,0.0,0.0,0.0,1.0,1
208,720,192,80,0.0,1.0,0.0,0.0,0.0,0.0,0.0,1.0,1
208,712,192,88,0.0,1.0,0.0,0.0,0.0,0.0,0.0,1.0,1
208,704,192,96,0.0,1.0,0.0,0.0,0.0,0.0,0.0,1.0,1
208,696,192,104,0.0,1.0,0.0,0.0,0.0,0.0,0.0,1.0,1
208,688,192,112,0.0,1.0,0.0,0.0,0.0,0.0,0.0,1.0,1
208,680,192,120,,,,,0.0,0.0,0.0,1.0,0
200,680,200,120,,,,,0.0,0.0,1.0,0.0,0
192,680,208,120,,,,,0.0,0.0,1.0,0.0,0
184,680,216,120,,,,,0.0,0.0,1.0,0.0,0
176,680,224,120,,,,,0.0,0.0,1.0,0.0,0
168,680,232,120,,,,,0.0,0.0,1.0,0.0,0
160,680,240,120,,,,,0.0,0.0,1.0,0.0,0
152,680,248,120,,,,,0.0,0.0,1.0,0.0,0
144,680,256,120,,,,,0.0,0.0,1.0,0.0,0
136,680,264,120,,,,,0.0,0.0,1.0,0.0,0
128,680,272,120,,,,,0.0,0.0,1.0,0.0,0
120,680,280,120,,,,,0.0,0.0,1.0,0.0,0
112,680,288,120,,,,,0.0,0.0,1.0,0.0,0
104,680,296,120,,,,,0.0,0.0,1.0,0.0,0
96,680,304,120,0.0,1.0,0.0,0.0,0.0,0.0,1.0,0.0,1
96,672,304,128,0.0,1.0,0.0,0.0,0.0,0.0,0.0,1.0,1
96,664,304,136,0.0,1.0,0.0,0.0,0.0,0.0,0.0,1.0,1
96,656,304,144,0.0,1.0,0.0,0.0,0.0,0.0,0.0,1.0,1
96,648,304,152,0.0,1.0,0.0,0.0,0.0,0.0,0.0,1.0,1
96,640,304,160,0.0,1.0,0.0,0.0,0.0,0.0,0.0,1.0,1
96,632,304,168,0.0,1.0,0.0,0.0,0.0,0.0,0.0,1.0,1
96,624,304,176,0.0,1.0,0.0,0.0,0.0,0.0,0.0,1.0,1
96,616,304,184,0.0,1.0,0.0,0.0,0.0,0.0,0.0,1.0,1
96,608,304,192,0.0,1.0,0.0,0.0,0.0,0.0,0.0,1.0,1
96,600,304,200,0.0,1.0,0.0,0.0,0.0,0.0,0.0,1.0,1
96,592,304,208,0.0,1.0,0.0,0.0,0.0,0.0,0.0,1.0,1
96,584,304,216,0.0,1.0,0.0,0.0,0.0,0.0,0.0,1.0,1
96,576,304,224,0.0,1.0,0.0,0.0,0.0,0.0,0.0,1.0,1
96,568,304,232,0.0,1.0,0.0,0.0,0.0,0.0,0.0,1.0,1
96,560,304,240,0.0,1.0,0.0,0.0,0.0,0.0,0.0,1.0,1
96,552,304,248,0.0,1.0,0.0,0.0,0.0,0.0,0.0,1.0,1
96,544,304,256,0.0,1.0,0.0,0.0,0.0,0.0,0.0,1.0,1
96,536,304,264,0.0,1.0,0.0,0.0,0.0,0.0,0.0,1.0,1
96,528,304,272,0.0,1.0,0.0,0.0,0.0,0.0,0.0,1.0,1
96,520,304,280,,,,,0.0,0.0,0.0,1.0,2
104,520,296,280,,,,,1.0,0.0,0.0,0.0,2
112,520,288,280,,,,,1.0,0.0,0.0,0.0,2
120,520,280,280,,,,,1.0,0.0,0.0,0.0,2
128,520,272,280,0.0,1.0,0.0,0.0,1.0,0.0,0.0,0.0,1
128,512,272,288,0.0,1.0,0.0,0.0,0.0,0.0,0.0,1.0,1
128,504,272,296,0.0,1.0,0.0,0.0,0.0,0.0,0.0,1.0,1
128,496,272,304,0.0,1.0,0.0,0.0,0.0,0.0,0.0,1.0,1
128,488,272,312,0.0,1.0,0.0,0.0,0.0,0.0,0.0,1.0,1
128,480,272,320,0.0,1.0,0.0,0.0,0.0,0.0,0.0,1.0,1
128,472,272,328,0.0,1.0,0.0,0.0,0.0,0.0,0.0,1.0,1
128,464,272,336,0.0,1.0,0.0,0.0,0.0,0.0,0.0,1.0,1
128,456,272,344,0.0,1.0,0.0,0.0,0.0,0.0,0.0,1.0,1
128,448,272,352,0.0,1.0,0.0,0.0,0.0,0.0,0.0,1.0,1
128,440,272,360,0.0,1.0,0.0,0.0,0.0,0.0,0.0,1.0,1
128,432,272,368,0.0,1.0,0.0,0.0,0.0,0.0,0.0,1.0,1
128,424,272,376,0.0,1.0,0.0,0.0,0.0,0.0,0.0,1.0,1
128,416,272,384,0.0,1.0,0.0,0.0,0.0,0.0,0.0,1.0,1
128,408,272,392,0.0,1.0,0.0,0.0,0.0,0.0,0.0,1.0,1
128,400,272,400,0.0,1.0,0.0,0.0,0.0,0.0,0.0,1.0,1
128,392,272,408,0.0,1.0,0.0,0.0,0.0,0.0,0.0,1.0,1
128,384,272,416,0.0,1.0,0.0,0.0,0.0,0.0,0.0,1.0,1
128,376,272,424,0.0,1.0,0.0,0.0,0.0,0.0,0.0,1.0,1
128,368,272,432,0.0,1.0,0.0,0.0,0.0,0.0,0.0,1.0,1
128,360,272,440,0.0,1.0,0.0,0.0,0.0,0.0,0.0,1.0,1
128,352,272,448,0.0,1.0,0.0,0.0,0.0,0.0,0.0,1.0,1
128,344,272,456,0.0,1.0,0.0,0.0,0.0,0.0,0.0,1.0,1
128,336,272,464,0.0,1.0,0.0,0.0,0.0,0.0,0.0,1.0,1
128,328,272,472,0.0,1.0,0.0,0.0,0.0,0.0,0.0,1.0,1
128,320,272,480,0.0,1.0,0.0,0.0,0.0,0.0,0.0,1.0,1
128,312,272,488,0.0,1.0,0.0,0.0,0.0,0.0,0.0,1.0,1
128,304,272,496,0.0,1.0,0.0,0.0,0.0,0.0,0.0,1.0,1
128,296,272,504,0.0,1.0,0.0,0.0,0.0,0.0,0.0,1.0,1
128,288,272,512,0.0,1.0,0.0,0.0,0.0,0.0,0.0,1.0,1
128,280,272,520,0.0,1.0,0.0,0.0,0.0,0.0,0.0,1.0,1
128,272,272,528,0.0,1.0,0.0,0.0,0.0,0.0,0.0,1.0,1
128,264,272,536,0.0,1.0,0.0,0.0,0.0,0.0,0.0,1.0,1
128,256,272,544,0.0,1.0,0.0,0.0,0.0,0.0,0.0,1.0,1
128,248,272,552,0.0,1.0,0.0,0.0,0.0,0.0,0.0,1.0,1
128,240,272,560,0.0,1.0,0.0,0.0,0.0,0.0,0.0,1.0,1
128,232,272,568,0.0,1.0,0.0,0.0,0.0,0.0,0.0,1.0,1
128,224,272,576,0.0,1.0,0.0,0.0,0.0,0.0,0.0,1.0,1
128,216,272,584,0.0,1.0,0.0,0.0,0.0,0.0,0.0,1.0,1
128,208,272,592,0.0,1.0,0.0,0.0,0.0,0.0,0.0,1.0,1
128,200,272,600,0.0,1.0,0.0,0.0,0.0,0.0,0.0,1.0,1
128,192,272,608,0.0,1.0,0.0,0.0,0.0,0.0,0.0,1.0,1
128,184,272,616,0.0,1.0,0.0,0.0,0.0,0.0,0.0,1.0,1
128,176,272,624,0.0,1.0,0.0,0.0,0.0,0.0,0.0,1.0,1
128,168,272,632,0.0,1.0,0.0,0.0,0.0,0.0,0.0,1.0,1
128,160,272,640,0.0,1.0,0.0,0.0,0.0,0.0,0.0,1.0,1
128,152,272,648,0.0,1.0,0.0,0.0,0.0,0.0,0.0,1.0,1
128,144,272,656,0.0,1.0,0.0,0.0,0.0,0.0,0.0,1.0,1
128,136,272,664,0.0,1.0,0.0,0.0,0.0,0.0,0.0,1.0,1
128,128,272,672,0.0,1.0,0.0,0.0,0.0,0.0,0.0,1.0,1
128,120,272,680,0.0,1.0,0.0,0.0,0.0,0.0,0.0,1.0,1
128,112,272,688,0.0,1.0,0.0,0.0,0.0,0.0,0.0,1.0,1
128,104,272,696,0.0,1.0,0.0,0.0,0.0,0.0,0.0,1.0,1
128,96,272,704,0.0,1.0,0.0,0.0,0.0,0.0,0.0,1.0,1
128,88,272,712,0.0,1.0,0.0,0.0,0.0,0.0,0.0,1.0,1
128,80,272,720,0.0,1.0,0.0,0.0,0.0,0.0,0.0,1.0,1
128,72,272,728,0.0,1.0,0.0,0.0,0.0,0.0,0.0,1.0,1
128,64,272,736,0.0,1.0,0.0,0.0,0.0,0.0,0.0,1.0,1
128,56,272,744,0.0,1.0,0.0,0.0,0.0,0.0,0.0,1.0,1
128,48,272,752,0.0,1.0,0.0,0.0,0.0,0.0,0.0,1.0,1
128,40,272,760,0.0,1.0,0.0,0.0,0.0,0.0,0.0,1.0,1
128,32,272,768,0.0,1.0,0.0,0.0,0.0,0.0,0.0,1.0,1
128,24,272,776,,,,,0.0,0.0,0.0,1.0,2
136,24,264,776,,,,,1.0,0.0,0.0,0.0,2
144,24,256,776,,,,,1.0,0.0,0.0,0.0,2
152,24,248,776,,,,,1.0,0.0,0.0,0.0,2
160,24,240,776,,,,,1.0,0.0,0.0,0.0,2
168,24,232,776,,,,,1.0,0.0,0.0,0.0,2
176,24,224,776,,,,,1.0,0.0,0.0,0.0,2
184,24,216,776,,,,,1.0,0.0,0.0,0.0,2
192,24,208,776,,,,,1.0,0.0,0.0,0.0,2
200,24,200,776,,,,,1.0,0.0,0.0,0.0,2
208,24,192,776,,,,,1.0,0.0,0.0,0.0,2
216,24,184,776,,,,,1.0,0.0,0.0,0.0,2
224,24,176,776,,,,,1.0,0.0,0.0,0.0,2
232,24,168,776,,,,,1.0,0.0,0.0,0.0,2
240,24,160,776,0.0,0.0,0.0,1.0,1.0,0.0,0.0,0.0,3
240,32,160,768,0.0,0.0,0.0,1.0,0.0,1.0,0.0,0.0,3
240,40,160,760,0.0,0.0,0.0,1.0,0.0,1.0,0.0,0.0,3
240,48,160,752,0.0,0.0,0.0,1.0,0.0,1.0,0.0,0.0,3
240,56,160,744,0.0,0.0,0.0,1.0,0.0,1.0,0.0,0.0,3
240,64,160,736,0.0,0.0,0.0,1.0,0.0,1.0,0.0,0.0,3
240,72,160,728,0.0,0.0,0.0,1.0,0.0,1.0,0.0,0.0,3
240,80,160,720,0.0,0.0,0.0,1.0,0.0,1.0,0.0,0.0,3
240,88,160,712,0.0,0.0,0.0,1.0,0.0,1.0,0.0,0.0,3
240,96,160,704,0.0,0.0,0.0,1.0,0.0,1.0,0.0,0.0,3
240,104,160,696,0.0,0.0,0.0,1.0,0.0,1.0,0.0,0.0,3
240,112,160,688,0.0,0.0,0.0,1.0,0.0,1.0,0.0,0.0,3
240,120,160,680,0.0,0.0,0.0,1.0,0.0,1.0,0.0,0.0,3
240,128,160,672,0.0,0.0,0.0,1.0,0.0,1.0,0.0,0.0,3
240,136,160,664,0.0,0.0,0.0,1.0,0.0,1.0,0.0,0.0,3
240,144,160,656,0.0,0.0,0.0,1.0,0.0,1.0,0.0,0.0,3
240,152,160,648,0.0,0.0,0.0,1.0,0.0,1.0,0.0,0.0,3
240,160,160,640,0.0,0.0,0.0,1.0,0.0,1.0,0.0,0.0,3
240,168,160,632,0.0,0.0,0.0,1.0,0.0,1.0,0.0,0.0,3
240,176,160,624,0.0,0.0,0.0,1.0,0.0,1.0,0.0,0.0,3
240,184,160,616,0.0,0.0,0.0,1.0,0.0,1.0,0.0,0.0,3
240,192,160,608,0.0,0.0,0.0,1.0,0.0,1.0,0.0,0.0,3
240,200,160,600,0.0,0.0,0.0,1.0,0.0,1.0,0.0,0.0,3
240,208,160,592,0.0,0.0,0.0,1.0,0.0,1.0,0.0,0.0,3
240,216,160,584,0.0,0.0,0.0,1.0,0.0,1.0,0.0,0.0,3
240,224,160,576,0.0,0.0,0.0,1.0,0.0,1.0,0.0,0.0,3
240,232,160,568,0.0,0.0,0.0,1.0,0.0,1.0,0.0,0.0,3
240,240,160,560,0.0,0.0,0.0,1.0,0.0,1.0,0.0,0.0,3
240,248,160,552,0.0,0.0,0.0,1.0,0.0,1.0,0.0,0.0,3
240,256,160,544,0.0,0.0,0.0,1.0,0.0,1.0,0.0,0.0,3
240,264,160,536,0.0,0.0,0.0,1.0,0.0,1.0,0.0,0.0,3
240,272,160,528,0.0,0.0,0.0,1.0,0.0,1.0,0.0,0.0,3
240,280,160,520,0.0,0.0,0.0,1.0,0.0,1.0,0.0,0.0,3
240,288,160,512,0.0,0.0,0.0,1.0,0.0,1.0,0.0,0.0,3
240,296,160,504,0.0,0.0,0.0,1.0,0.0,1.0,0.0,0.0,3
240,304,160,496,0.0,0.0,0.0,1.0,0.0,1.0,0.0,0.0,3
240,312,160,488,0.0,0.0,0.0,1.0,0.0,1.0,0.0,0.0,3
240,320,160,480,0.0,0.0,0.0,1.0,0.0,1.0,0.0,0.0,3
240,328,160,472,0.0,0.0,0.0,1.0,0.0,1.0,0.0,0.0,3
240,336,160,464,0.0,0.0,0.0,1.0,0.0,1.0,0.0,0.0,3
240,344,160,456,0.0,0.0,0.0,1.0,0.0,1.0,0.0,0.0,3
240,352,160,448,0.0,0.0,0.0,1.0,0.0,1.0,0.0,0.0,3
240,360,160,440,0.0,0.0,0.0,1.0,0.0,1.0,0.0,0.0,3
240,368,160,432,0.0,0.0,0.0,1.0,0.0,1.0,0.0,0.0,3
240,376,160,424,0.0,0.0,0.0,1.0,0.0,1.0,0.0,0.0,3
240,384,160,416,0.0,0.0,0.0,1.0,0.0,1.0,0.0,0.0,3
240,392,160,408,0.0,0.0,0.0,1.0,0.0,1.0,0.0,0.0,3
240,400,160,400,0.0,0.0,0.0,1.0,0.0,1.0,0.0,0.0,3
240,408,160,392,0.0,0.0,0.0,1.0,0.0,1.0,0.0,0.0,3
240,416,160,384,0.0,0.0,0.0,1.0,0.0,1.0,0.0,0.0,3
240,424,160,376,0.0,0.0,0.0,1.0,0.0,1.0,0.0,0.0,3
240,432,160,368,0.0,0.0,0.0,1.0,0.0,1.0,0.0,0.0,3
240,440,160,360,0.0,0.0,0.0,1.0,0.0,1.0,0.0,0.0,3
240,448,160,352,0.0,0.0,0.0,1.0,0.0,1.0,0.0,0.0,3
240,456,160,344,0.0,0.0,0.0,1.0,0.0,1.0,0.0,0.0,3
240,464,160,336,0.0,0.0,0.0,1.0,0.0,1.0,0.0,0.0,3
240,472,160,328,0.0,0.0,0.0,1.0,0.0,1.0,0.0,0.0,3
240,480,160,320,0.0,0.0,0.0,1.0,0.0,1.0,0.0,0.0,3
240,488,160,312,0.0,0.0,0.0,1.0,0.0,1.0,0.0,0.0,3
240,496,160,304,0.0,0.0,0.0,1.0,0.0,1.0,0.0,0.0,3
240,504,160,296,0.0,0.0,0.0,1.0,0.0,1.0,0.0,0.0,3
240,512,160,288,0.0,0.0,0.0,1.0,0.0,1.0,0.0,0.0,3
240,520,160,280,0.0,0.0,0.0,1.0,0.0,1.0,0.0,0.0,3
240,528,160,272,0.0,0.0,0.0,1.0,0.0,1.0,0.0,0.0,3
240,536,160,264,0.0,0.0,0.0,1.0,0.0,1.0,0.0,0.0,3
240,544,160,256,0.0,0.0,0.0,1.0,0.0,1.0,0.0,0.0,3
240,552,160,248,0.0,0.0,0.0,1.0,0.0,1.0,0.0,0.0,3
240,560,160,240,0.0,0.0,0.0,1.0,0.0,1.0,0.0,0.0,3
240,568,160,232,0.0,0.0,0.0,1.0,0.0,1.0,0.0,0.0,3
240,576,160,224,0.0,0.0,0.0,1.0,0.0,1.0,0.0,0.0,3
240,584,160,216,0.0,0.0,0.0,1.0,0.0,1.0,0.0,0.0,3
240,592,160,208,0.0,0.0,0.0,1.0,0.0,1.0,0.0,0.0,3
240,600,160,200,0.0,0.0,0.0,1.0,0.0,1.0,0.0,0.0,3
240,608,160,192,0.0,0.0,0.0,1.0,0.0,1.0,0.0,0.0,3
240,616,160,184,,,,,0.0,1.0,0.0,0.0,0
232,616,168,184,,,,,0.0,0.0,1.0,0.0,0
224,616,176,184,,,,,0.0,0.0,1.0,0.0,0
216,616,184,184,,,,,0.0,0.0,1.0,0.0,0
208,616,192,184,,,,,0.0,0.0,1.0,0.0,0
200,616,200,184,,,,,0.0,0.0,1.0,0.0,0
192,616,208,184,,,,,0.0,0.0,1.0,0.0,0
184,616,216,184,,,,,0.0,0.0,1.0,0.0,0
176,616,224,184,,,,,0.0,0.0,1.0,0.0,0
168,616,232,184,,,,,0.0,0.0,1.0,0.0,0
160,616,240,184,,,,,0.0,0.0,1.0,0.0,0
152,616,248,184,,,,,0.0,0.0,1.0,0.0,0
144,616,256,184,,,,,0.0,0.0,1.0,0.0,0
136,616,264,184,,,,,0.0,0.0,1.0,0.0,0
128,616,272,184,,,,,0.0,0.0,1.0,0.0,0
120,616,280,184,,,,,0.0,0.0,1.0,0.0,0
112,616,288,184,,,,,0.0,0.0,1.0,0.0,0
104,616,296,184,,,,,0.0,0.0,1.0,0.0,0
96,616,304,184,,,,,0.0,0.0,1.0,0.0,0
88,616,312,184,,,,,0.0,0.0,1.0,0.0,0
80,616,320,184,0.0,1.0,0.0,0.0,0.0,0.0,1.0,0.0,1
80,608,320,192,0.0,1.0,0.0,0.0,0.0,0.0,0.0,1.0,1
80,600,320,200,0.0,1.0,0.0,0.0,0.0,0.0,0.0,1.0,1
80,592,320,208,0.0,1.0,0.0,0.0,0.0,0.0,0.0,1.0,1
80,584,320,216,0.0,1.0,0.0,0.0,0.0,0.0,0.0,1.0,1
80,576,320,224,0.0,1.0,0.0,0.0,0.0,0.0,0.0,1.0,1
80,568,320,232,0.0,1.0,0.0,0.0,0.0,0.0,0.0,1.0,1
80,560,320,240,0.0,1.0,0.0,0.0,0.0,0.0,0.0,1.0,1
80,552,320,248,0.0,1.0,0.0,0.0,0.0,0.0,0.0,1.0,1
80,544,320,256,0.0,1.0,0.0,0.0,0.0,0.0,0.0,1.0,1
80,536,320,264,,,,,0.0,0.0,0.0,1.0,2
88,536,312,264,,,,,1.0,0.0,0.0,0.0,2
96,536,304,264,,,,,1.0,0.0,0.0,0.0,2
104,536,296,264,,,,,1.0,0.0,0.0,0.0,2
112,536,288,264,,,,,1.0,0.0,0.0,0.0,2
120,536,280,264,,,,,1.0,0.0,0.0,0.0,2
128,536,272,264,,,,,1.0,0.0,0.0,0.0,2
136,536,264,264,,,,,1.0,0.0,0.0,0.0,2
144,536,256,264,,,,,1.0,0.0,0.0,0.0,2
152,536,248,264,,,,,1.0,0.0,0.0,0.0,2
160,536,240,264,0.0,1.0,0.0,0.0,1.0,0.0,0.0,0.0,1
160,528,240,272,0.0,1.0,0.0,0.0,0.0,0.0,0.0,1.0,1
160,520,240,280,0.0,1.0,0.0,0.0,0.0,0.0,0.0,1.0,1
160,512,240,288,0.0,1.0,0.0,0.0,0.0,0.0,0.0,1.0,1
160,504,240,296,0.0,1.0,0.0,0.0,0.0,0.0,0.0,1.0,1
160,496,240,304,0.0,1.0,0.0,0.0,0.0,0.0,0.0,1.0,1
160,488,240,312,0.0,1.0,0.0,0.0,0.0,0.0,0.0,1.0,1
160,480,240,320,0.0,1.0,0.0,0.0,0.0,0.0,0.0,1.0,1
160,472,240,328,0.0,1.0,0.0,0.0,0.0,0.0,0.0,1.0,1
160,464,240,336,0.0,1.0,0.0,0.0,0.0,0.0,0.0,1.0,1
160,456,240,344,0.0,1.0,0.0,0.0,0.0,0.0,0.0,1.0,1
160,448,240,352,0.0,1.0,0.0,0.0,0.0,0.0,0.0,1.0,1
160,440,240,360,0.0,1.0,0.0,0.0,0.0,0.0,0.0,1.0,1
160,432,240,368,0.0,1.0,0.0,0.0,0.0,0.0,0.0,1.0,1
160,424,240,376,0.0,1.0,0.0,0.0,0.0,0.0,0.0,1.0,1
160,416,240,384,0.0,1.0,0.0,0.0,0.0,0.0,0.0,1.0,1
160,408,240,392,0.0,1.0,0.0,0.0,0.0,0.0,0.0,1.0,1
160,400,240,400,0.0,1.0,0.0,0.0,0.0,0.0,0.0,1.0,1
160,392,240,408,0.0,1.0,0.0,0.0,0.0,0.0,0.0,1.0,1
160,384,240,416,0.0,1.0,0.0,0.0,0.0,0.0,0.0,1.0,1
160,376,240,424,0.0,1.0,0.0,0.0,0.0,0.0,0.0,1.0,1
160,368,240,432,0.0,1.0,0.0,0.0,0.0,0.0,0.0,1.0,1
160,360,240,440,0.0,1.0,0.0,0.0,0.0,0.0,0.0,1.0,1
160,352,240,448,0.0,1.0,0.0,0.0,0.0,0.0,0.0,1.0,1
160,344,240,456,0.0,1.0,0.0,0.0,0.0,0.0,0.0,1.0,1
160,336,240,464,0.0,1.0,0.0,0.0,0.0,0.0,0.0,1.0,1
160,328,240,472,0.0,1.0,0.0,0.0,0.0,0.0,0.0,1.0,1
160,320,240,480,0.0,1.0,0.0,0.0,0.0,0.0,0.0,1.0,1
160,312,240,488,0.0,1.0,0.0,0.0,0.0,0.0,0.0,1.0,1
160,304,240,496,0.0,1.0,0.0,0.0,0.0,0.0,0.0,1.0,1
160,296,240,504,0.0,1.0,0.0,0.0,0.0,0.0,0.0,1.0,1
160,288,240,512,0.0,1.0,0.0,0.0,0.0,0.0,0.0,1.0,1
160,280,240,520,0.0,1.0,0.0,0.0,0.0,0.0,0.0,1.0,1
160,272,240,528,0.0,1.0,0.0,0.0,0.0,0.0,0.0,1.0,1
160,264,240,536,0.0,1.0,0.0,0.0,0.0,0.0,0.0,1.0,1
160,256,240,544,0.0,1.0,0.0,0.0,0.0,0.0,0.0,1.0,1
160,248,240,552,0.0,1.0,0.0,0.0,0.0,0.0,0.0,1.0,1
160,240,240,560,0.0,1.0,0.0,0.0,0.0,0.0,0.0,1.0,1
160,232,240,568,0.0,1.0,0.0,0.0,0.0,0.0,0.0,1.0,1
160,224,240,576,0.0,1.0,0.0,0.0,0.0,0.0,0.0,1.0,1
160,216,240,584,0.0,1.0,0.0,0.0,0.0,0.0,0.0,1.0,1
160,208,240,592,0.0,1.0,0.0,0.0,0.0,0.0,0.0,1.0,1
160,200,240,600,0.0,1.0,0.0,0.0,0.0,0.0,0.0,1.0,1
160,192,240,608,0.0,1.0,0.0,0.0,0.0,0.0,0.0,1.0,1
160,184,240,616,0.0,1.0,0.0,0.0,0.0,0.0,0.0,1.0,1
160,176,240,624,0.0,1.0,0.0,0.0,0.0,0.0,0.0,1.0,1
160,168,240,632,0.0,1.0,0.0,0.0,0.0,0.0,0.0,1.0,1
160,160,240,640,0.0,1.0,0.0,0.0,0.0,0.0,0.0,1.0,1
160,152,240,648,0.0,1.0,0.0,0.0,0.0,0.0,0.0,1.0,1
160,144,240,656,0.0,1.0,0.0,0.0,0.0,0.0,0.0,1.0,1
160,136,240,664,0.0,1.0,0.0,0.0,0.0,0.0,0.0,1.0,1
160,128,240,672,0.0,1.0,0.0,0.0,0.0,0.0,0.0,1.0,1
160,120,240,680,0.0,1.0,0.0,0.0,0.0,0.0,0.0,1.0,1
160,112,240,688,0.0,1.0,0.0,0.0,0.0,0.0,0.0,1.0,1
160,104,240,696,0.0,1.0,0.0,0.0,0.0,0.0,0.0,1.0,1
160,96,240,704,0.0,1.0,0.0,0.0,0.0,0.0,0.0,1.0,1
160,88,240,712,,,,,0.0,0.0,0.0,1.0,2
168,88,232,712,,,,,1.0,0.0,0.0,0.0,2
176,88,224,712,,,,,1.0,0.0,0.0,0.0,2
184,88,216,712,,,,,1.0,0.0,0.0,0.0,2
192,88,208,712,0.0,0.0,0.0,1.0,1.0,0.0,0.0,0.0,3
192,96,208,704,0.0,0.0,0.0,1.0,0.0,1.0,0.0,0.0,3
192,104,208,696,0.0,0.0,0.0,1.0,0.0,1.0,0.0,0.0,3
192,112,208,688,0.0,0.0,0.0,1.0,0.0,1.0,0.0,0.0,3
192,120,208,680,0.0,0.0,0.0,1.0,0.0,1.0,0.0,0.0,3
192,128,208,672,0.0,0.0,0.0,1.0,0.0,1.0,0.0,0.0,3
192,136,208,664,0.0,0.0,0.0,1.0,0.0,1.0,0.0,0.0,3
192,144,208,656,0.0,0.0,0.0,1.0,0.0,1.0,0.0,0.0,3
192,152,208,648,0.0,0.0,0.0,1.0,0.0,1.0,0.0,0.0,3
192,160,208,640,0.0,0.0,0.0,1.0,0.0,1.0,0.0,0.0,3
192,168,208,632,0.0,0.0,0.0,1.0,0.0,1.0,0.0,0.0,3
192,176,208,624,0.0,0.0,0.0,1.0,0.0,1.0,0.0,0.0,3
192,184,208,616,0.0,0.0,0.0,1.0,0.0,1.0,0.0,0.0,3
192,192,208,608,0.0,0.0,0.0,1.0,0.0,1.0,0.0,0.0,3
192,200,208,600,0.0,0.0,0.0,1.0,0.0,1.0,0.0,0.0,3
192,208,208,592,0.0,0.0,0.0,1.0,0.0,1.0,0.0,0.0,3
192,216,208,584,0.0,0.0,0.0,1.0,0.0,1.0,0.0,0.0,3
192,224,208,576,0.0,0.0,0.0,1.0,0.0,1.0,0.0,0.0,3
192,232,208,568,0.0,0.0,0.0,1.0,0.0,1.0,0.0,0.0,3
192,240,208,560,0.0,0.0,0.0,1.0,0.0,1.0,0.0,0.0,3
192,248,208,552,0.0,0.0,0.0,1.0,0.0,1.0,0.0,0.0,3
192,256,208,544,0.0,0.0,0.0,1.0,0.0,1.0,0.0,0.0,3
192,264,208,536,0.0,0.0,0.0,1.0,0.0,1.0,0.0,0.0,3
192,272,208,528,0.0,0.0,0.0,1.0,0.0,1.0,0.0,0.0,3
192,280,208,520,0.0,0.0,0.0,1.0,0.0,1.0,0.0,0.0,3
192,288,208,512,0.0,0.0,0.0,1.0,0.0,1.0,0.0,0.0,3
192,296,208,504,0.0,0.0,0.0,1.0,0.0,1.0,0.0,0.0,3
192,304,208,496,0.0,0.0,0.0,1.0,0.0,1.0,0.0,0.0,3
192,312,208,488,0.0,0.0,0.0,1.0,0.0,1.0,0.0,0.0,3
192,320,208,480,0.0,0.0,0.0,1.0,0.0,1.0,0.0,0.0,3
192,328,208,472,0.0,0.0,0.0,1.0,0.0,1.0,0.0,0.0,3
192,336,208,464,0.0,0.0,0.0,1.0,0.0,1.0,0.0,0.0,3
192,344,208,456,0.0,0.0,0.0,1.0,0.0,1.0,0.0,0.0,3
192,352,208,448,0.0,0.0,0.0,1.0,0.0,1.0,0.0,0.0,3
192,360,208,440,0.0,0.0,0.0,1.0,0.0,1.0,0.0,0.0,3
192,368,208,432,0.0,0.0,0.0,1.0,0.0,1.0,0.0,0.0,3
192,376,208,424,0.0,0.0,0.0,1.0,0.0,1.0,0.0,0.0,3
192,384,208,416,0.0,0.0,0.0,1.0,0.0,1.0,0.0,0.0,3
192,392,208,408,0.0,0.0,0.0,1.0,0.0,1.0,0.0,0.0,3
192,400,208,400,0.0,0.0,0.0,1.0,0.0,1.0,0.0,0.0,3
192,408,208,392,0.0,0.0,0.0,1.0,0.0,1.0,0.0,0.0,3
192,416,208,384,0.0,0.0,0.0,1.0,0.0,1.0,0.0,0.0,3
192,424,208,376,0.0,0.0,0.0,1.0,0.0,1.0,0.0,0.0,3
192,432,208,368,0.0,0.0,0.0,1.0,0.0,1.0,0.0,0.0,3
192,440,208,360,0.0,0.0,0.0,1.0,0.0,1.0,0.0,0.0,3
192,448,208,352,0.0,0.0,0.0,1.0,0.0,1.0,0.0,0.0,3
192,456,208,344,0.0,0.0,0.0,1.0,0.0,1.0,0.0,0.0,3
192,464,208,336,0.0,0.0,0.0,1.0,0.0,1.0,0.0,0.0,3
192,472,208,328,0.0,0.0,0.0,1.0,0.0,1.0,0.0,0.0,3
192,480,208,320,0.0,0.0,0.0,1.0,0.0,1.0,0.0,0.0,3
192,488,208,312,0.0,0.0,0.0,1.0,0.0,1.0,0.0,0.0,3
192,496,208,304,0.0,0.0,0.0,1.0,0.0,1.0,0.0,0.0,3
192,504,208,296,0.0,0.0,0.0,1.0,0.0,1.0,0.0,0.0,3
192,512,208,288,0.0,0.0,0.0,1.0,0.0,1.0,0.0,0.0,3
192,520,208,280,,,,,0.0,1.0,0.0,0.0,0
184,520,216,280,,,,,0.0,0.0,1.0,0.0,0
176,520,224,280,,,,,0.0,0.0,1.0,0.0,0
168,520,232,280,,,,,0.0,0.0,1.0,0.0,0
160,520,240,280,0.0,1.0,0.0,0.0,0.0,0.0,1.0,0.0,1
160,512,240,288,0.0,1.0,0.0,0.0,0.0,0.0,0.0,1.0,1
160,504,240,296,0.0,1.0,0.0,0.0,0.0,0.0,0.0,1.0,1
160,496,240,304,0.0,1.0,0.0,0.0,0.0,0.0,0.0,1.0,1
160,488,240,312,0.0,1.0,0.0,0.0,0.0,0.0,0.0,1.0,1
160,480,240,320,0.0,1.0,0.0,0.0,0.0,0.0,0.0,1.0,1
160,472,240,328,0.0,1.0,0.0,0.0,0.0,0.0,0.0,1.0,1
160,464,240,336,0.0,1.0,0.0,0.0,0.0,0.0,0.0,1.0,1
160,456,240,344,0.0,1.0,0.0,0.0,0.0,0.0,0.0,1.0,1
160,448,240,352,0.0,1.0,0.0,0.0,0.0,0.0,0.0,1.0,1
160,440,240,360,0.0,1.0,0.0,0.0,0.0,0.0,0.0,1.0,1
160,432,240,368,0.0,1.0,0.0,0.0,0.0,0.0,0.0,1.0,1
160,424,240,376,0.0,1.0,0.0,0.0,0.0,0.0,0.0,1.0,1
160,416,240,384,0.0,1.0,0.0,0.0,0.0,0.0,0.0,1.0,1
160,408,240,392,0.0,1.0,0.0,0.0,0.0,0.0,0.0,1.0,1
160,400,240,400,0.0,1.0,0.0,0.0,0.0,0.0,0.0,1.0,1
160,392,240,408,0.0,1.0,0.0,0.0,0.0,0.0,0.0,1.0,1
160,384,240,416,0.0,1.0,0.0,0.0,0.0,0.0,0.0,1.0,1
160,376,240,424,0.0,1.0,0.0,0.0,0.0,0.0,0.0,1.0,1
160,368,240,432,0.0,1.0,0.0,0.0,0.0,0.0,0.0,1.0,1
160,360,240,440,0.0,1.0,0.0,0.0,0.0,0.0,0.0,1.0,1
160,352,240,448,0.0,1.0,0.0,0.0,0.0,0.0,0.0,1.0,1
160,344,240,456,0.0,1.0,0.0,0.0,0.0,0.0,0.0,1.0,1
160,336,240,464,0.0,1.0,0.0,0.0,0.0,0.0,0.0,1.0,1
160,328,240,472,0.0,1.0,0.0,0.0,0.0,0.0,0.0,1.0,1
160,320,240,480,0.0,1.0,0.0,0.0,0.0,0.0,0.0,1.0,1
160,312,240,488,0.0,1.0,0.0,0.0,0.0,0.0,0.0,1.0,1
160,304,240,496,0.0,1.0,0.0,0.0,0.0,0.0,0.0,1.0,1
160,296,240,504,0.0,1.0,0.0,0.0,0.0,0.0,0.0,1.0,1
160,288,240,512,0.0,1.0,0.0,0.0,0.0,0.0,0.0,1.0,1
160,280,240,520,0.0,1.0,0.0,0.0,0.0,0.0,0.0,1.0,1
160,272,240,528,0.0,1.0,0.0,0.0,0.0,0.0,0.0,1.0,1
160,264,240,536,0.0,1.0,0.0,0.0,0.0,0.0,0.0,1.0,1
160,256,240,544,0.0,1.0,0.0,0.0,0.0,0.0,0.0,1.0,1
160,248,240,552,0.0,1.0,0.0,0.0,0.0,0.0,0.0,1.0,1
160,240,240,560,0.0,1.0,0.0,0.0,0.0,0.0,0.0,1.0,1
160,232,240,568,0.0,1.0,0.0,0.0,0.0,0.0,0.0,1.0,1
160,224,240,576,0.0,1.0,0.0,0.0,0.0,0.0,0.0,1.0,1
160,216,240,584,0.0,1.0,0.0,0.0,0.0,0.0,0.0,1.0,1
160,208,240,592,0.0,1.0,0.0,0.0,0.0,0.0,0.0,1.0,1
160,200,240,600,0.0,1.0,0.0,0.0,0.0,0.0,0.0,1.0,1
160,192,240,608,0.0,1.0,0.0,0.0,0.0,0.0,0.0,1.0,1
160,184,240,616,0.0,1.0,0.0,0.0,0.0,0.0,0.0,1.0,1
160,176,240,624,0.0,1.0,0.0,0.0,0.0,0.0,0.0,1.0,1
160,168,240,632,0.0,1.0,0.0,0.0,0.0,0.0,0.0,1.0,1
160,160,240,640,0.0,1.0,0.0,0.0,0.0,0.0,0.0,1.0,1
160,152,240,648,0.0,1.0,0.0,0.0,0.0,0.0,0.0,1.0,1
160,144,240,656,0.0,1.0,0.0,0.0,0.0,0.0,0.0,1.0,1
160,136,240,664,0.0,1.0,0.0,0.0,0.0,0.0,0.0,1.0,1
160,128,240,672,0.0,1.0,0.0,0.0,0.0,0.0,0.0,1.0,1
160,120,240,680,0.0,1.0,0.0,0.0,0.0,0.0,0.0,1.0,1
160,112,240,688,0.0,1.0,0.0,0.0,0.0,0.0,0.0,1.0,1
160,104,240,696,0.0,1.0,0.0,0.0,0.0,0.0,0.0,1.0,1
160,96,240,704,0.0,1.0,0.0,0.0,0.0,0.0,0.0,1.0,1
160,88,240,712,0.0,1.0,0.0,0.0,0.0,0.0,0.0,1.0,1
160,80,240,720,0.0,1.0,0.0,0.0,0.0,0.0,0.0,1.0,1
160,72,240,728,0.0,1.0,0.0,0.0,0.0,0.0,0.0,1.0,1
160,64,240,736,0.0,1.0,0.0,0.0,0.0,0.0,0.0,1.0,1
160,56,240,744,,,,,0.0,0.0,0.0,1.0,0
152,56,248,744,,,,,0.0,0.0,1.0,0.0,0
144,56,256,744,0.0,0.0,0.0,1.0,0.0,0.0,1.0,0.0,3
144,64,256,736,0.0,0.0,0.0,1.0,0.0,1.0,0.0,0.0,3
144,72,256,728,0.0,0.0,0.0,1.0,0.0,1.0,0.0,0.0,3
144,80,256,720,0.0,0.0,0.0,1.0,0.0,1.0,0.0,0.0,3
144,88,256,712,0.0,0.0,0.0,1.0,0.0,1.0,0.0,0.0,3
144,96,256,704,0.0,0.0,0.0,1.0,0.0,1.0,0.0,0.0,3
144,104,256,696,0.0,0.0,0.0,1.0,0.0,1.0,0.0,0.0,3
144,112,256,688,0.0,0.0,0.0,1.0,0.0,1.0,0.0,0.0,3
144,120,256,680,0.0,0.0,0.0,1.0,0.0,1.0,0.0,0.0,3
144,128,256,672,0.0,0.0,0.0,1.0,0.0,1.0,0.0,0.0,3
144,136,256,664,0.0,0.0,0.0,1.0,0.0,1.0,0.0,0.0,3
144,144,256,656,0.0,0.0,0.0,1.0,0.0,1.0,0.0,0.0,3
144,152,256,648,0.0,0.0,0.0,1.0,0.0,1.0,0.0,0.0,3
144,160,256,640,0.0,0.0,0.0,1.0,0.0,1.0,0.0,0.0,3
144,168,256,632,0.0,0.0,0.0,1.0,0.0,1.0,0.0,0.0,3
144,176,256,624,0.0,0.0,0.0,1.0,0.0,1.0,0.0,0.0,3
144,184,256,616,0.0,0.0,0.0,1.0,0.0,1.0,0.0,0.0,3
144,192,256,608,0.0,0.0,0.0,1.0,0.0,1.0,0.0,0.0,3
144,200,256,600,0.0,0.0,0.0,1.0,0.0,1.0,0.0,0.0,3
144,208,256,592,0.0,0.0,0.0,1.0,0.0,1.0,0.0,0.0,3
144,216,256,584,0.0,0.0,0.0,1.0,0.0,1.0,0.0,0.0,3
144,224,256,576,0.0,0.0,0.0,1.0,0.0,1.0,0.0,0.0,3
144,232,256,568,0.0,0.0,0.0,1.0,0.0,1.0,0.0,0.0,3
144,240,256,560,0.0,0.0,0.0,1.0,0.0,1.0,0.0,0.0,3
144,248,256,552,0.0,0.0,0.0,1.0,0.0,1.0,0.0,0.0,3
144,256,256,544,0.0,0.0,0.0,1.0,0.0,1.0,0.0,0.0,3
144,264,256,536,0.0,0.0,0.0,1.0,0.0,1.0,0.0,0.0,3
144,272,256,528,0.0,0.0,0.0,1.0,0.0,1.0,0.0,0.0,3
144,280,256,520,0.0,0.0,0.0,1.0,0.0,1.0,0.0,0.0,3
144,288,256,512,0.0,0.0,0.0,1.0,0.0,1.0,0.0,0.0,3
144,296,256,504,0.0,0.0,0.0,1.0,0.0,1.0,0.0,0.0,3
144,304,256,496,0.0,0.0,0.0,1.0,0.0,1.0,0.0,0.0,3
144,312,256,488,0.0,0.0,0.0,1.0,0.0,1.0,0.0,0.0,3
144,320,256,480,0.0,0.0,0.0,1.0,0.0,1.0,0.0,0.0,3
144,328,256,472,0.0,0.0,0.0,1.0,0.0,1.0,0.0,0.0,3
144,336,256,464,0.0,0.0,0.0,1.0,0.0,1.0,0.0,0.0,3
144,344,256,456,0.0,0.0,0.0,1.0,0.0,1.0,0.0,0.0,3
144,352,256,448,0.0,0.0,0.0,1.0,0.0,1.0,0.0,0.0,3
144,360,256,440,,,,,0.0,1.0,0.0,0.0,2
152,360,248,440,,,,,1.0,0.0,0.0,0.0,2
160,360,240,440,,,,,1.0,0.0,0.0,0.0,2
168,360,232,440,,,,,1.0,0.0,0.0,0.0,2
176,360,224,440,,,,,1.0,0.0,0.0,0.0,2
184,360,216,440,,,,,1.0,0.0,0.0,0.0,2
192,360,208,440,,,,,1.0,0.0,0.0,0.0,2
200,360,200,440,,,,,1.0,0.0,0.0,0.0,2
208,360,192,440,,,,,1.0,0.0,0.0,0.0,2
216,360,184,440,,,,,1.0,0.0,0.0,0.0,2
224,360,176,440,,,,,1.0,0.0,0.0,0.0,2
232,360,168,440,,,,,1.0,0.0,0.0,0.0,2
240,360,160,440,,,,,1.0,0.0,0.0,0.0,2
248,360,152,440,,,,,1.0,0.0,0.0,0.0,2
256,360,144,440,,,,,1.0,0.0,0.0,0.0,2
264,360,136,440,,,,,1.0,0.0,0.0,0.0,2
272,360,128,440,,,,,1.0,0.0,0.0,0.0,2
280,360,120,440,,,,,1.0,0.0,0.0,0.0,2
288,360,112,440,,,,,1.0,0.0,0.0,0.0,2
296,360,104,440,,,,,1.0,0.0,0.0,0.0,2
304,360,96,440,0.0,1.0,0.0,0.0,1.0,0.0,0.0,0.0,1
304,352,96,448,0.0,1.0,0.0,0.0,0.0,0.0,0.0,1.0,1
304,344,96,456,0.0,1.0,0.0,0.0,0.0,0.0,0.0,1.0,1
304,336,96,464,0.0,1.0,0.0,0.0,0.0,0.0,0.0,1.0,1
304,328,96,472,0.0,1.0,0.0,0.0,0.0,0.0,0.0,1.0,1
304,320,96,480,0.0,1.0,0.0,0.0,0.0,0.0,0.0,1.0,1
304,312,96,488,0.0,1.0,0.0,0.0,0.0,0.0,0.0,1.0,1
304,304,96,496,0.0,1.0,0.0,0.0,0.0,0.0,0.0,1.0,1
304,296,96,504,0.0,1.0,0.0,0.0,0.0,0.0,0.0,1.0,1
304,288,96,512,0.0,1.0,0.0,0.0,0.0,0.0,0.0,1.0,1
304,280,96,520,0.0,1.0,0.0,0.0,0.0,0.0,0.0,1.0,1
304,272,96,528,0.0,1.0,0.0,0.0,0.0,0.0,0.0,1.0,1
304,264,96,536,,,,,0.0,0.0,0.0,1.0,0
296,264,104,536,,,,,0.0,0.0,1.0,0.0,0
288,264,112,536,,,,,0.0,0.0,1.0,0.0,0
280,264,120,536,,,,,0.0,0.0,1.0,0.0,0
272,264,128,536,,,,,0.0,0.0,1.0,0.0,0
264,264,136,536,,,,,0.0,0.0,1.0,0.0,0
256,264,144,536,,,,,0.0,0.0,1.0,0.0,0
248,264,152,536,,,,,0.0,0.0,1.0,0.0,0
240,264,160,536,,,,,0.0,0.0,1.0,0.0,0
232,264,168,536,,,,,0.0,0.0,1.0,0.0,0
224,264,176,536,0.0,0.0,0.0,1.0,0.0,0.0,1.0,0.0,3
224,272,176,528,0.0,0.0,0.0,1.0,0.0,1.0,0.0,0.0,3
224,280,176,520,0.0,0.0,0.0,1.0,0.0,1.0,0.0,0.0,3
224,288,176,512,0.0,0.0,0.0,1.0,0.0,1.0,0.0,0.0,3
224,296,176,504,0.0,0.0,0.0,1.0,0.0,1.0,0.0,0.0,3
224,304,176,496,0.0,0.0,0.0,1.0,0.0,1.0,0.0,0.0,3
224,312,176,488,0.0,0.0,0.0,1.0,0.0,1.0,0.0,0.0,3
224,320,176,480,0.0,0.0,0.0,1.0,0.0,1.0,0.0,0.0,3
224,328,176,472,0.0,0.0,0.0,1.0,0.0,1.0,0.0,0.0,3
224,336,176,464,0.0,0.0,0.0,1.0,0.0,1.0,0.0,0.0,3
224,344,176,456,0.0,0.0,0.0,1.0,0.0,1.0,0.0,0.0,3
224,352,176,448,0.0,0.0,0.0,1.0,0.0,1.0,0.0,0.0,3
224,360,176,440,0.0,0.0,0.0,1.0,0.0,1.0,0.0,0.0,3
224,368,176,432,0.0,0.0,0.0,1.0,0.0,1.0,0.0,0.0,3
224,376,176,424,0.0,0.0,0.0,1.0,0.0,1.0,0.0,0.0,3
224,384,176,416,0.0,0.0,0.0,1.0,0.0,1.0,0.0,0.0,3
224,392,176,408,0.0,0.0,0.0,1.0,0.0,1.0,0.0,0.0,3
224,400,176,400,0.0,0.0,0.0,1.0,0.0,1.0,0.0,0.0,3
224,408,176,392,0.0,0.0,0.0,1.0,0.0,1.0,0.0,0.0,3
224,416,176,384,0.0,0.0,0.0,1.0,0.0,1.0,0.0,0.0,3
224,424,176,376,0.0,0.0,0.0,1.0,0.0,1.0,0.0,0.0,3
224,432,176,368,0.0,0.0,0.0,1.0,0.0,1.0,0.0,0.0,3
224,440,176,360,0.0,0.0,0.0,1.0,0.0,1.0,0.0,0.0,3
224,448,176,352,0.0,0.0,0.0,1.0,0.0,1.0,0.0,0.0,3
224,456,176,344,0.0,0.0,0.0,1.0,0.0,1.0,0.0,0.0,3
224,464,176,336,0.0,0.0,0.0,1.0,0.0,1.0,0.0,0.0,3
224,472,176,328,0.0,0.0,0.0,1.0,0.0,1.0,0.0,0.0,3
224,480,176,320,0.0,0.0,0.0,1.0,0.0,1.0,0.0,0.0,3
224,488,176,312,0.0,0.0,0.0,1.0,0.0,1.0,0.0,0.0,3
224,496,176,304,0.0,0.0,0.0,1.0,0.0,1.0,0.0,0.0,3
224,504,176,296,0.0,0.0,0.0,1.0,0.0,1.0,0.0,0.0,3
224,512,176,288,0.0,0.0,0.0,1.0,0.0,1.0,0.0,0.0,3
224,520,176,280,0.0,0.0,0.0,1.0,0.0,1.0,0.0,0.0,3
224,528,176,272,0.0,0.0,0.0,1.0,0.0,1.0,0.0,0.0,3
224,536,176,264,0.0,0.0,0.0,1.0,0.0,1.0,0.0,0.0,3
224,544,176,256,0.0,0.0,0.0,1.0,0.0,1.0,0.0,0.0,3
224,552,176,248,0.0,0.0,0.0,1.0,0.0,1.0,0.0,0.0,3
224,560,176,240,0.0,0.0,0.0,1.0,0.0,1.0,0.0,0.0,3
224,568,176,232,0.0,0.0,0.0,1.0,0.0,1.0,0.0,0.0,3
224,576,176,224,0.0,0.0,0.0,1.0,0.0,1.0,0.0,0.0,3
224,584,176,216,0.0,0.0,0.0,1.0,0.0,1.0,0.0,0.0,3
224,592,176,208,0.0,0.0,0.0,1.0,0.0,1.0,0.0,0.0,3
224,600,176,200,0.0,0.0,0.0,1.0,0.0,1.0,0.0,0.0,3
224,608,176,192,0.0,0.0,0.0,1.0,0.0,1.0,0.0,0.0,3
224,616,176,184,0.0,0.0,0.0,1.0,0.0,1.0,0.0,0.0,3
224,624,176,176,0.0,0.0,0.0,1.0,0.0,1.0,0.0,0.0,3
224,632,176,168,0.0,0.0,0.0,1.0,0.0,1.0,0.0,0.0,3
224,640,176,160,0.0,0.0,0.0,1.0,0.0,1.0,0.0,0.0,3
224,648,176,152,0.0,0.0,0.0,1.0,0.0,1.0,0.0,0.0,3
224,656,176,144,0.0,0.0,0.0,1.0,0.0,1.0,0.0,0.0,3
224,664,176,136,0.0,0.0,0.0,1.0,0.0,1.0,0.0,0.0,3
224,672,176,128,0.0,0.0,0.0,1.0,0.0,1.0,0.0,0.0,3
224,680,176,120,,,,,0.0,1.0,0.0,0.0,2
232,680,168,120,,,,,1.0,0.0,0.0,0.0,2
240,680,160,120,,,,,1.0,0.0,0.0,0.0,2
248,680,152,120,,,,,1.0,0.0,0.0,0.0,2
256,680,144,120,,,,,1.0,0.0,0.0,0.0,2
264,680,136,120,,,,,1.0,0.0,0.0,0.0,2
272,680,128,120,,,,,1.0,0.0,0.0,0.0,2
280,680,120,120,,,,,1.0,0.0,0.0,0.0,2
288,680,112,120,,,,,1.0,0.0,0.0,0.0,2
296,680,104,120,,,,,1.0,0.0,0.0,0.0,2
304,680,96,120,,,,,1.0,0.0,0.0,0.0,2
312,680,88,120,,,,,1.0,0.0,0.0,0.0,2
320,680,80,120,,,,,1.0,0.0,0.0,0.0,2
328,680,72,120,,,,,1.0,0.0,0.0,0.0,2
336,680,64,120,,,,,1.0,0.0,0.0,0.0,2
344,680,56,120,,,,,1.0,0.0,0.0,0.0,2
352,680,48,120,,,,,1.0,0.0,0.0,0.0,2
360,680,40,120,,,,,1.0,0.0,0.0,0.0,2
368,680,32,120,,,,,1.0,0.0,0.0,0.0,2
376,680,24,120,,,,,1.0,0.0,0.0,0.0,2
384,680,16,120,0.0,1.0,0.0,0.0,1.0,0.0,0.0,0.0,1
384,672,16,128,0.0,1.0,0.0,0.0,0.0,0.0,0.0,1.0,1
384,664,16,136,0.0,1.0,0.0,0.0,0.0,0.0,0.0,1.0,1
384,656,16,144,0.0,1.0,0.0,0.0,0.0,0.0,0.0,1.0,1
384,648,16,152,0.0,1.0,0.0,0.0,0.0,0.0,0.0,1.0,1
384,640,16,160,0.0,1.0,0.0,0.0,0.0,0.0,0.0,1.0,1
384,632,16,168,0.0,1.0,0.0,0.0,0.0,0.0,0.0,1.0,1
384,624,16,176,0.0,1.0,0.0,0.0,0.0,0.0,0.0,1.0,1
384,616,16,184,0.0,1.0,0.0,0.0,0.0,0.0,0.0,1.0,1
384,608,16,192,0.0,1.0,0.0,0.0,0.0,0.0,0.0,1.0,1
384,600,16,200,0.0,1.0,0.0,0.0,0.0,0.0,0.0,1.0,1
384,592,16,208,0.0,1.0,0.0,0.0,0.0,0.0,0.0,1.0,1
384,584,16,216,0.0,1.0,0.0,0.0,0.0,0.0,0.0,1.0,1
384,576,16,224,0.0,1.0,0.0,0.0,0.0,0.0,0.0,1.0,1
384,568,16,232,0.0,1.0,0.0,0.0,0.0,0.0,0.0,1.0,1
384,560,16,240,0.0,1.0,0.0,0.0,0.0,0.0,0.0,1.0,1
384,552,16,248,0.0,1.0,0.0,0.0,0.0,0.0,0.0,1.0,1
384,544,16,256,0.0,1.0,0.0,0.0,0.0,0.0,0.0,1.0,1
384,536,16,264,,,,,0.0,0.0,0.0,1.0,0
376,536,24,264,,,,,0.0,0.0,1.0,0.0,0
368,536,32,264,,,,,0.0,0.0,1.0,0.0,0
360,536,40,264,,,,,0.0,0.0,1.0,0.0,0
352,536,48,264,,,,,0.0,0.0,1.0,0.0,0
344,536,56,264,,,,,0.0,0.0,1.0,0.0,0
336,536,64,264,,,,,0.0,0.0,1.0,0.0,0
328,536,72,264,,,,,0.0,0.0,1.0,0.0,0
320,536,80,264,,,,,0.0,0.0,1.0,0.0,0
312,536,88,264,,,,,0.0,0.0,1.0,0.0,0
304,536,96,264,,,,,0.0,0.0,1.0,0.0,0
296,536,104,264,,,,,0.0,0.0,1.0,0.0,0
288,536,112,264,,,,,0.0,0.0,1.0,0.0,0
280,536,120,264,,,,,0.0,0.0,1.0,0.0,0
272,536,128,264,,,,,0.0,0.0,1.0,0.0,0
264,536,136,264,,,,,0.0,0.0,1.0,0.0,0
256,536,144,264,,,,,0.0,0.0,1.0,0.0,0
248,536,152,264,,,,,0.0,0.0,1.0,0.0,0
240,536,160,264,,,,,0.0,0.0,1.0,0.0,0
232,536,168,264,,,,,0.0,0.0,1.0,0.0,0
224,536,176,264,,,,,0.0,0.0,1.0,0.0,0
216,536,184,264,,,,,0.0,0.0,1.0,0.0,0
208,536,192,264,,,,,0.0,0.0,1.0,0.0,0
200,536,200,264,,,,,0.0,0.0,1.0,0.0,0
192,536,208,264,,,,,0.0,0.0,1.0,0.0,0
184,536,216,264,,,,,0.0,0.0,1.0,0.0,0
176,536,224,264,0.0,1.0,0.0,0.0,0.0,0.0,1.0,0.0,1
176,528,224,272,0.0,1.0,0.0,0.0,0.0,0.0,0.0,1.0,1
176,520,224,280,0.0,1.0,0.0,0.0,0.0,0.0,0.0,1.0,1
176,512,224,288,0.0,1.0,0.0,0.0,0.0,0.0,0.0,1.0,1
176,504,224,296,0.0,1.0,0.0,0.0,0.0,0.0,0.0,1.0,1
176,496,224,304,0.0,1.0,0.0,0.0,0.0,0.0,0.0,1.0,1
176,488,224,312,0.0,1.0,0.0,0.0,0.0,0.0,0.0,1.0,1
176,480,224,320,0.0,1.0,0.0,0.0,0.0,0.0,0.0,1.0,1
176,472,224,328,0.0,1.0,0.0,0.0,0.0,0.0,0.0,1.0,1
176,464,224,336,0.0,1.0,0.0,0.0,0.0,0.0,0.0,1.0,1
176,456,224,344,0.0,1.0,0.0,0.0,0.0,0.0,0.0,1.0,1
176,448,224,352,0.0,1.0,0.0,0.0,0.0,0.0,0.0,1.0,1
176,440,224,360,,,,,0.0,0.0,0.0,1.0,0
168,440,232,360,,,,,0.0,0.0,1.0,0.0,0
160,440,240,360,,,,,0.0,0.0,1.0,0.0,0
152,440,248,360,,,,,0.0,0.0,1.0,0.0,0
144,440,256,360,,,,,0.0,0.0,1.0,0.0,0
136,440,264,360,,,,,0.0,0.0,1.0,0.0,0
128,440,272,360,,,,,0.0,0.0,1.0,0.0,0
120,440,280,360,,,,,0.0,0.0,1.0,0.0,0
112,440,288,360,,,,,0.0,0.0,1.0,0.0,0
104,440,296,360,,,,,0.0,0.0,1.0,0.0,0
96,440,304,360,,,,,0.0,0.0,1.0,0.0,0
88,440,312,360,,,,,0.0,0.0,1.0,0.0,0
80,440,320,360,,,,,0.0,0.0,1.0,0.0,0
72,440,328,360,,,,,0.0,0.0,1.0,0.0,0
64,440,336,360,,,,,0.0,0.0,1.0,0.0,0
56,440,344,360,,,,,0.0,0.0,1.0,0.0,0
48,440,352,360,,,,,0.0,0.0,1.0,0.0,0
40,440,360,360,,,,,0.0,0.0,1.0,0.0,0
32,440,368,360,,,,,0.0,0.0,1.0,0.0,0
24,440,376,360,,,,,0.0,0.0,1.0,0.0,0
16,440,384,360,0.0,0.0,0.0,1.0,0.0,0.0,1.0,0.0,3
16,448,384,352,0.0,0.0,0.0,1.0,0.0,1.0,0.0,0.0,3
16,456,384,344,0.0,0.0,0.0,1.0,0.0,1.0,0.0,0.0,3
16,464,384,336,0.0,0.0,0.0,1.0,0.0,1.0,0.0,0.0,3
16,472,384,328,0.0,0.0,0.0,1.0,0.0,1.0,0.0,0.0,3
16,480,384,320,0.0,0.0,0.0,1.0,0.0,1.0,0.0,0.0,3
16,488,384,312,0.0,0.0,0.0,1.0,0.0,1.0,0.0,0.0,3
16,496,384,304,0.0,0.0,0.0,1.0,0.0,1.0,0.0,0.0,3
16,504,384,296,0.0,0.0,0.0,1.0,0.0,1.0,0.0,0.0,3
16,512,384,288,0.0,0.0,0.0,1.0,0.0,1.0,0.0,0.0,3
16,520,384,280,0.0,0.0,0.0,1.0,0.0,1.0,0.0,0.0,3
16,528,384,272,0.0,0.0,0.0,1.0,0.0,1.0,0.0,0.0,3
16,536,384,264,0.0,0.0,0.0,1.0,0.0,1.0,0.0,0.0,3
16,544,384,256,0.0,0.0,0.0,1.0,0.0,1.0,0.0,0.0,3
16,552,384,248,0.0,0.0,0.0,1.0,0.0,1.0,0.0,0.0,3
16,560,384,240,0.0,0.0,0.0,1.0,0.0,1.0,0.0,0.0,3
16,568,384,232,0.0,0.0,0.0,1.0,0.0,1.0,0.0,0.0,3
16,576,384,224,0.0,0.0,0.0,1.0,0.0,1.0,0.0,0.0,3
16,584,384,216,0.0,0.0,0.0,1.0,0.0,1.0,0.0,0.0,3
16,592,384,208,0.0,0.0,0.0,1.0,0.0,1.0,0.0,0.0,3
16,600,384,200,0.0,0.0,0.0,1.0,0.0,1.0,0.0,0.0,3
16,608,384,192,0.0,0.0,0.0,1.0,0.0,1.0,0.0,0.0,3
16,616,384,184,0.0,0.0,0.0,1.0,0.0,1.0,0.0,0.0,3
16,624,384,176,0.0,0.0,0.0,1.0,0.0,1.0,0.0,0.0,3
16,632,384,168,0.0,0.0,0.0,1.0,0.0,1.0,0.0,0.0,3
16,640,384,160,0.0,0.0,0.0,1.0,0.0,1.0,0.0,0.0,3
16,648,384,152,0.0,0.0,0.0,1.0,0.0,1.0,0.0,0.0,3
16,656,384,144,0.0,0.0,0.0,1.0,0.0,1.0,0.0,0.0,3
16,664,384,136,0.0,0.0,0.0,1.0,0.0,1.0,0.0,0.0,3
16,672,384,128,0.0,0.0,0.0,1.0,0.0,1.0,0.0,0.0,3
16,680,384,120,0.0,0.0,0.0,1.0,0.0,1.0,0.0,0.0,3
16,688,384,112,0.0,0.0,0.0,1.0,0.0,1.0,0.0,0.0,3
16,696,384,104,0.0,0.0,0.0,1.0,0.0,1.0,0.0,0.0,3
16,704,384,96,0.0,0.0,0.0,1.0,0.0,1.0,0.0,0.0,3
16,712,384,88,0.0,0.0,0.0,1.0,0.0,1.0,0.0,0.0,3
16,720,384,80,0.0,0.0,0.0,1.0,0.0,1.0,0.0,0.0,3
16,728,384,72,0.0,0.0,0.0,1.0,0.0,1.0,0.0,0.0,3
16,736,384,64,0.0,0.0,0.0,1.0,0.0,1.0,0.0,0.0,3
16,744,384,56,0.0,0.0,0.0,1.0,0.0,1.0,0.0,0.0,3
16,752,384,48,0.0,0.0,0.0,1.0,0.0,1.0,0.0,0.0,3
16,760,384,40,0.0,0.0,0.0,1.0,0.0,1.0,0.0,0.0,3
16,768,384,32,0.0,0.0,0.0,1.0,0.0,1.0,0.0,0.0,3
16,776,384,24,,,,,0.0,1.0,0.0,0.0,2
24,776,376,24,,,,,1.0,0.0,0.0,0.0,2
32,776,368,24,,,,,1.0,0.0,0.0,0.0,2
40,776,360,24,,,,,1.0,0.0,0.0,0.0,2
48,776,352,24,,,,,1.0,0.0,0.0,0.0,2
56,776,344,24,,,,,1.0,0.0,0.0,0.0,2
64,776,336,24,,,,,1.0,0.0,0.0,0.0,2
72,776,328,24,,,,,1.0,0.0,0.0,0.0,2
80,776,320,24,,,,,1.0,0.0,0.0,0.0,2
88,776,312,24,,,,,1.0,0.0,0.0,0.0,2
96,776,304,24,,,,,1.0,0.0,0.0,0.0,2
104,776,296,24,,,,,1.0,0.0,0.0,0.0,2
112,776,288,24,,,,,1.0,0.0,0.0,0.0,2
120,776,280,24,,,,,1.0,0.0,0.0,0.0,2
128,776,272,24,,,,,1.0,0.0,0.0,0.0,2
136,776,264,24,,,,,1.0,0.0,0.0,0.0,2
144,776,256,24,,,,,1.0,0.0,0.0,0.0,2
152,776,248,24,,,,,1.0,0.0,0.0,0.0,2
160,776,240,24,,,,,1.0,0.0,0.0,0.0,2
168,776,232,24,,,,,1.0,0.0,0.0,0.0,2
176,776,224,24,,,,,1.0,0.0,0.0,0.0,2
184,776,216,24,,,,,1.0,0.0,0.0,0.0,2
192,776,208,24,,,,,1.0,0.0,0.0,0.0,2
200,776,200,24,,,,,1.0,0.0,0.0,0.0,2
208,776,192,24,,,,,1.0,0.0,0.0,0.0,2
216,776,184,24,,,,,1.0,0.0,0.0,0.0,2
224,776,176,24,,,,,1.0,0.0,0.0,0.0,2
232,776,168,24,,,,,1.0,0.0,0.0,0.0,2
240,776,160,24,,,,,1.0,0.0,0.0,0.0,2
248,776,152,24,,,,,1.0,0.0,0.0,0.0,2
256,776,144,24,,,,,1.0,0.0,0.0,0.0,2
264,776,136,24,,,,,1.0,0.0,0.0,0.0,2
272,776,128,24,0.0,1.0,0.0,0.0,1.0,0.0,0.0,0.0,1
272,768,128,32,0.0,1.0,0.0,0.0,0.0,0.0,0.0,1.0,1
272,760,128,40,0.0,1.0,0.0,0.0,0.0,0.0,0.0,1.0,1
272,752,128,48,0.0,1.0,0.0,0.0,0.0,0.0,0.0,1.0,1
272,744,128,56,0.0,1.0,0.0,0.0,0.0,0.0,0.0,1.0,1
272,736,128,64,0.0,1.0,0.0,0.0,0.0,0.0,0.0,1.0,1
272,728,128,72,0.0,1.0,0.0,0.0,0.0,0.0,0.0,1.0,1
272,720,128,80,0.0,1.0,0.0,0.0,0.0,0.0,0.0,1.0,1
272,712,128,88,0.0,1.0,0.0,0.0,0.0,0.0,0.0,1.0,1
272,704,128,96,0.0,1.0,0.0,0.0,0.0,0.0,0.0,1.0,1
272,696,128,104,0.0,1.0,0.0,0.0,0.0,0.0,0.0,1.0,1
272,688,128,112,0.0,1.0,0.0,0.0,0.0,0.0,0.0,1.0,1
272,680,128,120,0.0,1.0,0.0,0.0,0.0,0.0,0.0,1.0,1
272,672,128,128,0.0,1.0,0.0,0.0,0.0,0.0,0.0,1.0,1
272,664,128,136,0.0,1.0,0.0,0.0,0.0,0.0,0.0,1.0,1
272,656,128,144,0.0,1.0,0.0,0.0,0.0,0.0,0.0,1.0,1
272,648,128,152,0.0,1.0,0.0,0.0,0.0,0.0,0.0,1.0,1
272,640,128,160,0.0,1.0,0.0,0.0,0.0,0.0,0.0,1.0,1
272,632,128,168,0.0,1.0,0.0,0.0,0.0,0.0,0.0,1.0,1
272,624,128,176,0.0,1.0,0.0,0.0,0.0,0.0,0.0,1.0,1
272,616,128,184,0.0,1.0,0.0,0.0,0.0,0.0,0.0,1.0,1
272,608,128,192,0.0,1.0,0.0,0.0,0.0,0.0,0.0,1.0,1
272,600,128,200,0.0,1.0,0.0,0.0,0.0,0.0,0.0,1.0,1
272,592,128,208,0.0,1.0,0.0,0.0,0.0,0.0,0.0,1.0,1
272,584,128,216,0.0,1.0,0.0,0.0,0.0,0.0,0.0,1.0,1
272,576,128,224,0.0,1.0,0.0,0.0,0.0,0.0,0.0,1.0,1
272,568,128,232,0.0,1.0,0.0,0.0,0.0,0.0,0.0,1.0,1
272,560,128,240,0.0,1.0,0.0,0.0,0.0,0.0,0.0,1.0,1
272,552,128,248,0.0,1.0,0.0,0.0,0.0,0.0,0.0,1.0,1
272,544,128,256,0.0,1.0,0.0,0.0,0.0,0.0,0.0,1.0,1
272,536,128,264,0.0,1.0,0.0,0.0,0.0,0.0,0.0,1.0,1
272,528,128,272,0.0,1.0,0.0,0.0,0.0,0.0,0.0,1.0,1
272,520,128,280,0.0,1.0,0.0,0.0,0.0,0.0,0.0,1.0,1
272,512,128,288,0.0,1.0,0.0,0.0,0.0,0.0,0.0,1.0,1
272,504,128,296,0.0,1.0,0.0,0.0,0.0,0.0,0.0,1.0,1
272,496,128,304,0.0,1.0,0.0,0.0,0.0,0.0,0.0,1.0,1
272,488,128,312,0.0,1.0,0.0,0.0,0.0,0.0,0.0,1.0,1
272,480,128,320,0.0,1.0,0.0,0.0,0.0,0.0,0.0,1.0,1
272,472,128,328,0.0,1.0,0.0,0.0,0.0,0.0,0.0,1.0,1
272,464,128,336,0.0,1.0,0.0,0.0,0.0,0.0,0.0,1.0,1
272,456,128,344,0.0,1.0,0.0,0.0,0.0,0.0,0.0,1.0,1
272,448,128,352,0.0,1.0,0.0,0.0,0.0,0.0,0.0,1.0,1
272,440,128,360,,,,,0.0,0.0,0.0,1.0,2
280,440,120,360,,,,,1.0,0.0,0.0,0.0,2
288,440,112,360,,,,,1.0,0.0,0.0,0.0,2
296,440,104,360,,,,,1.0,0.0,0.0,0.0,2
304,440,96,360,,,,,1.0,0.0,0.0,0.0,2
312,440,88,360,,,,,1.0,0.0,0.0,0.0,2
320,440,80,360,0.0,0.0,0.0,1.0,1.0,0.0,0.0,0.0,3
320,448,80,352,0.0,0.0,0.0,1.0,0.0,1.0,0.0,0.0,3
320,456,80,344,0.0,0.0,0.0,1.0,0.0,1.0,0.0,0.0,3
320,464,80,336,0.0,0.0,0.0,1.0,0.0,1.0,0.0,0.0,3
320,472,80,328,0.0,0.0,0.0,1.0,0.0,1.0,0.0,0.0,3
320,480,80,320,0.0,0.0,0.0,1.0,0.0,1.0,0.0,0.0,3
320,488,80,312,0.0,0.0,0.0,1.0,0.0,1.0,0.0,0.0,3
320,496,80,304,0.0,0.0,0.0,1.0,0.0,1.0,0.0,0.0,3
320,504,80,296,0.0,0.0,0.0,1.0,0.0,1.0,0.0,0.0,3
320,512,80,288,0.0,0.0,0.0,1.0,0.0,1.0,0.0,0.0,3
320,520,80,280,0.0,0.0,0.0,1.0,0.0,1.0,0.0,0.0,3
320,528,80,272,0.0,0.0,0.0,1.0,0.0,1.0,0.0,0.0,3
320,536,80,264,0.0,0.0,0.0,1.0,0.0,1.0,0.0,0.0,3
320,544,80,256,0.0,0.0,0.0,1.0,0.0,1.0,0.0,0.0,3
320,552,80,248,,,,,0.0,1.0,0.0,0.0,0
312,552,88,248,,,,,0.0,0.0,1.0,0.0,0
304,552,96,248,,,,,0.0,0.0,1.0,0.0,0
296,552,104,248,,,,,0.0,0.0,1.0,0.0,0
288,552,112,248,,,,,0.0,0.0,1.0,0.0,0
280,552,120,248,,,,,0.0,0.0,1.0,0.0,0
272,552,128,248,,,,,0.0,0.0,1.0,0.0,0
264,552,136,248,,,,,0.0,0.0,1.0,0.0,0
256,552,144,248,,,,,0.0,0.0,1.0,0.0,0
248,552,152,248,,,,,0.0,0.0,1.0,0.0,0
240,552,160,248,,,,,0.0,0.0,1.0,0.0,0
232,552,168,248,,,,,0.0,0.0,1.0,0.0,0
224,552,176,248,,,,,0.0,0.0,1.0,0.0,0
216,552,184,248,,,,,0.0,0.0,1.0,0.0,0
208,552,192,248,,,,,0.0,0.0,1.0,0.0,0
200,552,200,248,,,,,0.0,0.0,1.0,0.0,0
192,552,208,248,,,,,0.0,0.0,1.0,0.0,0
184,552,216,248,,,,,0.0,0.0,1.0,0.0,0
176,552,224,248,0.0,1.0,0.0,0.0,0.0,0.0,1.0,0.0,1
176,544,224,256,0.0,1.0,0.0,0.0,0.0,0.0,0.0,1.0,1
176,536,224,264,0.0,1.0,0.0,0.0,0.0,0.0,0.0,1.0,1
176,528,224,272,0.0,1.0,0.0,0.0,0.0,0.0,0.0,1.0,1
176,520,224,280,0.0,1.0,0.0,0.0,0.0,0.0,0.0,1.0,1
176,512,224,288,0.0,1.0,0.0,0.0,0.0,0.0,0.0,1.0,1
176,504,224,296,0.0,1.0,0.0,0.0,0.0,0.0,0.0,1.0,1
176,496,224,304,0.0,1.0,0.0,0.0,0.0,0.0,0.0,1.0,1
176,488,224,312,0.0,1.0,0.0,0.0,0.0,0.0,0.0,1.0,1
176,480,224,320,0.0,1.0,0.0,0.0,0.0,0.0,0.0,1.0,1
176,472,224,328,0.0,1.0,0.0,0.0,0.0,0.0,0.0,1.0,1
176,464,224,336,0.0,1.0,0.0,0.0,0.0,0.0,0.0,1.0,1
176,456,224,344,0.0,1.0,0.0,0.0,0.0,0.0,0.0,1.0,1
176,448,224,352,0.0,1.0,0.0,0.0,0.0,0.0,0.0,1.0,1
176,440,224,360,0.0,1.0,0.0,0.0,0.0,0.0,0.0,1.0,1
176,432,224,368,0.0,1.0,0.0,0.0,0.0,0.0,0.0,1.0,1
176,424,224,376,0.0,1.0,0.0,0.0,0.0,0.0,0.0,1.0,1
176,416,224,384,0.0,1.0,0.0,0.0,0.0,0.0,0.0,1.0,1
176,408,224,392,0.0,1.0,0.0,0.0,0.0,0.0,0.0,1.0,1
176,400,224,400,0.0,1.0,0.0,0.0,0.0,0.0,0.0,1.0,1
176,392,224,408,0.0,1.0,0.0,0.0,0.0,0.0,0.0,1.0,1
176,384,224,416,0.0,1.0,0.0,0.0,0.0,0.0,0.0,1.0,1
176,376,224,424,0.0,1.0,0.0,0.0,0.0,0.0,0.0,1.0,1
176,368,224,432,0.0,1.0,0.0,0.0,0.0,0.0,0.0,1.0,1
176,360,224,440,0.0,1.0,0.0,0.0,0.0,0.0,0.0,1.0,1
176,352,224,448,0.0,1.0,0.0,0.0,0.0,0.0,0.0,1.0,1
176,344,224,456,0.0,1.0,0.0,0.0,0.0,0.0,0.0,1.0,1
176,336,224,464,0.0,1.0,0.0,0.0,0.0,0.0,0.0,1.0,1
176,328,224,472,0.0,1.0,0.0,0.0,0.0,0.0,0.0,1.0,1
176,320,224,480,0.0,1.0,0.0,0.0,0.0,0.0,0.0,1.0,1
176,312,224,488,0.0,1.0,0.0,0.0,0.0,0.0,0.0,1.0,1
176,304,224,496,0.0,1.0,0.0,0.0,0.0,0.0,0.0,1.0,1
176,296,224,504,,,,,0.0,0.0,0.0,1.0,2
184,296,216,504,,,,,1.0,0.0,0.0,0.0,2
192,296,208,504,,,,,1.0,0.0,0.0,0.0,2
200,296,200,504,,,,,1.0,0.0,0.0,0.0,2
208,296,192,504,,,,,1.0,0.0,0.0,0.0,2
216,296,184,504,,,,,1.0,0.0,0.0,0.0,2
224,296,176,504,,,,,1.0,0.0,0.0,0.0,2
232,296,168,504,,,,,1.0,0.0,0.0,0.0,2
240,296,160,504,,,,,1.0,0.0,0.0,0.0,2
248,296,152,504,,,,,1.0,0.0,0.0,0.0,2
256,296,144,504,,,,,1.0,0.0,0.0,0.0,2
264,296,136,504,,,,,1.0,0.0,0.0,0.0,2
272,296,128,504,,,,,1.0,0.0,0.0,0.0,2
280,296,120,504,,,,,1.0,0.0,0.0,0.0,2
288,296,112,504,,,,,1.0,0.0,0.0,0.0,2
296,296,104,504,,,,,1.0,0.0,0.0,0.0,2
304,296,96,504,,,,,1.0,0.0,0.0,0.0,2
312,296,88,504,,,,,1.0,0.0,0.0,0.0,2
320,296,80,504,0.0,0.0,0.0,1.0,1.0,0.0,0.0,0.0,3
320,304,80,496,0.0,0.0,0.0,1.0,0.0,1.0,0.0,0.0,3
320,312,80,488,0.0,0.0,0.0,1.0,0.0,1.0,0.0,0.0,3
320,320,80,480,0.0,0.0,0.0,1.0,0.0,1.0,0.0,0.0,3
320,328,80,472,0.0,0.0,0.0,1.0,0.0,1.0,0.0,0.0,3
320,336,80,464,0.0,0.0,0.0,1.0,0.0,1.0,0.0,0.0,3
320,344,80,456,0.0,0.0,0.0,1.0,0.0,1.0,0.0,0.0,3
320,352,80,448,0.0,0.0,0.0,1.0,0.0,1.0,0.0,0.0,3
320,360,80,440,0.0,0.0,0.0,1.0,0.0,1.0,0.0,0.0,3
320,368,80,432,0.0,0.0,0.0,1.0,0.0,1.0,0.0,0.0,3
320,376,80,424,0.0,0.0,0.0,1.0,0.0,1.0,0.0,0.0,3
320,384,80,416,0.0,0.0,0.0,1.0,0.0,1.0,0.0,0.0,3
320,392,80,408,0.0,0.0,0.0,1.0,0.0,1.0,0.0,0.0,3
320,400,80,400,0.0,0.0,0.0,1.0,0.0,1.0,0.0,0.0,3
320,408,80,392,,,,,0.0,1.0,0.0,0.0,0
312,408,88,392,,,,,0.0,0.0,1.0,0.0,0
304,408,96,392,,,,,0.0,0.0,1.0,0.0,0
296,408,104,392,,,,,0.0,0.0,1.0,0.0,0
288,408,112,392,0.0,0.0,0.0,1.0,0.0,0.0,1.0,0.0,3
288,416,112,384,0.0,0.0,0.0,1.0,0.0,1.0,0.0,0.0,3
288,424,112,376,0.0,0.0,0.0,1.0,0.0,1.0,0.0,0.0,3
288,432,112,368,0.0,0.0,0.0,1.0,0.0,1.0,0.0,0.0,3
288,440,112,360,0.0,0.0,0.0,1.0,0.0,1.0,0.0,0.0,3
288,448,112,352,0.0,0.0,0.0,1.0,0.0,1.0,0.0,0.0,3
288,456,112,344,0.0,0.0,0.0,1.0,0.0,1.0,0.0,0.0,3
288,464,112,336,0.0,0.0,0.0,1.0,0.0,1.0,0.0,0.0,3
288,472,112,328,0.0,0.0,0.0,1.0,0.0,1.0,0.0,0.0,3
288,480,112,320,0.0,0.0,0.0,1.0,0.0,1.0,0.0,0.0,3
288,488,112,312,0.0,0.0,0.0,1.0,0.0,1.0,0.0,0.0,3
288,496,112,304,0.0,0.0,0.0,1.0,0.0,1.0,0.0,0.0,3
288,504,112,296,0.0,0.0,0.0,1.0,0.0,1.0,0.0,0.0,3
288,512,112,288,0.0,0.0,0.0,1.0,0.0,1.0,0.0,0.0,3
288,520,112,280,0.0,0.0,0.0,1.0,0.0,1.0,0.0,0.0,3
288,528,112,272,0.0,0.0,0.0,1.0,0.0,1.0,0.0,0.0,3
288,536,112,264,0.0,0.0,0.0,1.0,0.0,1.0,0.0,0.0,3
288,544,112,256,0.0,0.0,0.0,1.0,0.0,1.0,0.0,0.0,3
288,552,112,248,,,,,0.0,1.0,0.0,0.0,0
280,552,120,248,,,,,0.0,0.0,1.0,0.0,0
272,552,128,248,,,,,0.0,0.0,1.0,0.0,0
264,552,136,248,,,,,0.0,0.0,1.0,0.0,0
256,552,144,248,,,,,0.0,0.0,1.0,0.0,0
248,552,152,248,,,,,0.0,0.0,1.0,0.0,0
240,552,160,248,,,,,0.0,0.0,1.0,0.0,0
232,552,168,248,,,,,0.0,0.0,1.0,0.0,0
224,552,176,248,,,,,0.0,0.0,1.0,0.0,0
216,552,184,248,,,,,0.0,0.0,1.0,0.0,0
208,552,192,248,,,,,0.0,0.0,1.0,0.0,0
200,552,200,248,,,,,0.0,0.0,1.0,0.0,0
192,552,208,248,,,,,0.0,0.0,1.0,0.0,0
184,552,216,248,,,,,0.0,0.0,1.0,0.0,0
176,552,224,248,,,,,0.0,0.0,1.0,0.0,0
168,552,232,248,,,,,0.0,0.0,1.0,0.0,0
160,552,240,248,,,,,0.0,0.0,1.0,0.0,0
152,552,248,248,,,,,0.0,0.0,1.0,0.0,0
144,552,256,248,,,,,0.0,0.0,1.0,0.0,0
136,552,264,248,,,,,0.0,0.0,1.0,0.0,0
128,552,272,248,,,,,0.0,0.0,1.0,0.0,0
120,552,280,248,,,,,0.0,0.0,1.0,0.0,0
112,552,288,248,,,,,0.0,0.0,1.0,0.0,0
104,552,296,248,,,,,0.0,0.0,1.0,0.0,0
96,552,304,248,,,,,0.0,0.0,1.0,0.0,0
88,552,312,248,,,,,0.0,0.0,1.0,0.0,0
80,552,320,248,0.0,1.0,0.0,0.0,0.0,0.0,1.0,0.0,1
80,544,320,256,0.0,1.0,0.0,0.0,0.0,0.0,0.0,1.0,1
80,536,320,264,0.0,1.0,0.0,0.0,0.0,0.0,0.0,1.0,1
80,528,320,272,0.0,1.0,0.0,0.0,0.0,0.0,0.0,1.0,1
80,520,320,280,0.0,1.0,0.0,0.0,0.0,0.0,0.0,1.0,1
80,512,320,288,0.0,1.0,0.0,0.0,0.0,0.0,0.0,1.0,1
80,504,320,296,0.0,1.0,0.0,0.0,0.0,0.0,0.0,1.0,1
80,496,320,304,0.0,1.0,0.0,0.0,0.0,0.0,0.0,1.0,1
80,488,320,312,0.0,1.0,0.0,0.0,0.0,0.0,0.0,1.0,1
80,480,320,320,0.0,1.0,0.0,0.0,0.0,0.0,0.0,1.0,1
80,472,320,328,0.0,1.0,0.0,0.0,0.0,0.0,0.0,1.0,1
80,464,320,336,0.0,1.0,0.0,0.0,0.0,0.0,0.0,1.0,1
80,456,320,344,0.0,1.0,0.0,0.0,0.0,0.0,0.0,1.0,1
80,448,320,352,0.0,1.0,0.0,0.0,0.0,0.0,0.0,1.0,1
80,440,320,360,0.0,1.0,0.0,0.0,0.0,0.0,0.0,1.0,1
80,432,320,368,0.0,1.0,0.0,0.0,0.0,0.0,0.0,1.0,1
80,424,320,376,0.0,1.0,0.0,0.0,0.0,0.0,0.0,1.0,1
80,416,320,384,0.0,1.0,0.0,0.0,0.0,0.0,0.0,1.0,1
80,408,320,392,0.0,1.0,0.0,0.0,0.0,0.0,0.0,1.0,1
80,400,320,400,0.0,1.0,0.0,0.0,0.0,0.0,0.0,1.0,1
80,392,320,408,0.0,1.0,0.0,0.0,0.0,0.0,0.0,1.0,1
80,384,320,416,0.0,1.0,0.0,0.0,0.0,0.0,0.0,1.0,1
80,376,320,424,0.0,1.0,0.0,0.0,0.0,0.0,0.0,1.0,1
80,368,320,432,0.0,1.0,0.0,0.0,0.0,0.0,0.0,1.0,1
80,360,320,440,0.0,1.0,0.0,0.0,0.0,0.0,0.0,1.0,1
80,352,320,448,0.0,1.0,0.0,0.0,0.0,0.0,0.0,1.0,1
80,344,320,456,0.0,1.0,0.0,0.0,0.0,0.0,0.0,1.0,1
80,336,320,464,0.0,1.0,0.0,0.0,0.0,0.0,0.0,1.0,1
80,328,320,472,0.0,1.0,0.0,0.0,0.0,0.0,0.0,1.0,1
80,320,320,480,0.0,1.0,0.0,0.0,0.0,0.0,0.0,1.0,1
80,312,320,488,,,,,0.0,0.0,0.0,1.0,2
88,312,312,488,,,,,1.0,0.0,0.0,0.0,2
96,312,304,488,0.0,0.0,0.0,1.0,1.0,0.0,0.0,0.0,3
96,320,304,480,0.0,0.0,0.0,1.0,0.0,1.0,0.0,0.0,3
96,328,304,472,0.0,0.0,0.0,1.0,0.0,1.0,0.0,0.0,3
96,336,304,464,0.0,0.0,0.0,1.0,0.0,1.0,0.0,0.0,3
96,344,304,456,0.0,0.0,0.0,1.0,0.0,1.0,0.0,0.0,3
96,352,304,448,0.0,0.0,0.0,1.0,0.0,1.0,0.0,0.0,3
96,360,304,440,0.0,0.0,0.0,1.0,0.0,1.0,0.0,0.0,3
96,368,304,432,0.0,0.0,0.0,1.0,0.0,1.0,0.0,0.0,3
96,376,304,424,0.0,0.0,0.0,1.0,0.0,1.0,0.0,0.0,3
96,384,304,416,0.0,0.0,0.0,1.0,0.0,1.0,0.0,0.0,3
96,392,304,408,0.0,0.0,0.0,1.0,0.0,1.0,0.0,0.0,3
96,400,304,400,0.0,0.0,0.0,1.0,0.0,1.0,0.0,0.0,3
96,408,304,392,0.0,0.0,0.0,1.0,0.0,1.0,0.0,0.0,3
96,416,304,384,0.0,0.0,0.0,1.0,0.0,1.0,0.0,0.0,3
96,424,304,376,0.0,0.0,0.0,1.0,0.0,1.0,0.0,0.0,3
96,432,304,368,0.0,0.0,0.0,1.0,0.0,1.0,0.0,0.0,3
96,440,304,360,0.0,0.0,0.0,1.0,0.0,1.0,0.0,0.0,3
96,448,304,352,0.0,0.0,0.0,1.0,0.0,1.0,0.0,0.0,3
96,456,304,344,0.0,0.0,0.0,1.0,0.0,1.0,0.0,0.0,3
96,464,304,336,0.0,0.0,0.0,1.0,0.0,1.0,0.0,0.0,3
96,472,304,328,0.0,0.0,0.0,1.0,0.0,1.0,0.0,0.0,3
96,480,304,320,0.0,0.0,0.0,1.0,0.0,1.0,0.0,0.0,3
96,488,304,312,0.0,0.0,0.0,1.0,0.0,1.0,0.0,0.0,3
96,496,304,304,0.0,0.0,0.0,1.0,0.0,1.0,0.0,0.0,3
96,504,304,296,0.0,0.0,0.0,1.0,0.0,1.0,0.0,0.0,3
96,512,304,288,0.0,0.0,0.0,1.0,0.0,1.0,0.0,0.0,3
96,520,304,280,0.0,0.0,0.0,1.0,0.0,1.0,0.0,0.0,3
96,528,304,272,0.0,0.0,0.0,1.0,0.0,1.0,0.0,0.0,3
96,536,304,264,0.0,0.0,0.0,1.0,0.0,1.0,0.0,0.0,3
96,544,304,256,0.0,0.0,0.0,1.0,0.0,1.0,0.0,0.0,3
96,552,304,248,0.0,0.0,0.0,1.0,0.0,1.0,0.0,0.0,3
96,560,304,240,0.0,0.0,0.0,1.0,0.0,1.0,0.0,0.0,3
96,568,304,232,0.0,0.0,0.0,1.0,0.0,1.0,0.0,0.0,3
96,576,304,224,0.0,0.0,0.0,1.0,0.0,1.0,0.0,0.0,3
96,584,304,216,0.0,0.0,0.0,1.0,0.0,1.0,0.0,0.0,3
96,592,304,208,0.0,0.0,0.0,1.0,0.0,1.0,0.0,0.0,3
96,600,304,200,0.0,0.0,0.0,1.0,0.0,1.0,0.0,0.0,3
96,608,304,192,0.0,0.0,0.0,1.0,0.0,1.0,0.0,0.0,3
96,616,304,184,0.0,0.0,0.0,1.0,0.0,1.0,0.0,0.0,3
96,624,304,176,0.0,0.0,0.0,1.0,0.0,1.0,0.0,0.0,3
96,632,304,168,0.0,0.0,0.0,1.0,0.0,1.0,0.0,0.0,3
96,640,304,160,0.0,0.0,0.0,1.0,0.0,1.0,0.0,0.0,3
96,648,304,152,0.0,0.0,0.0,1.0,0.0,1.0,0.0,0.0,3
96,656,304,144,0.0,0.0,0.0,1.0,0.0,1.0,0.0,0.0,3
96,664,304,136,0.0,0.0,0.0,1.0,0.0,1.0,0.0,0.0,3
96,672,304,128,0.0,0.0,0.0,1.0,0.0,1.0,0.0,0.0,3
96,680,304,120,0.0,0.0,0.0,1.0,0.0,1.0,0.0,0.0,3
96,688,304,112,0.0,0.0,0.0,1.0,0.0,1.0,0.0,0.0,3
96,696,304,104,0.0,0.0,0.0,1.0,0.0,1.0,0.0,0.0,3
96,704,304,96,0.0,0.0,0.0,1.0,0.0,1.0,0.0,0.0,3
96,712,304,88,0.0,0.0,0.0,1.0,0.0,1.0,0.0,0.0,3
96,720,304,80,0.0,0.0,0.0,1.0,0.0,1.0,0.0,0.0,3
96,728,304,72,0.0,0.0,0.0,1.0,0.0,1.0,0.0,0.0,3
96,736,304,64,0.0,0.0,0.0,1.0,0.0,1.0,0.0,0.0,3
96,744,304,56,,,,,0.0,1.0,0.0,0.0,0
88,744,312,56,,,,,0.0,0.0,1.0,0.0,0
80,744,320,56,0.0,1.0,0.0,0.0,0.0,0.0,1.0,0.0,1
80,736,320,64,0.0,1.0,0.0,0.0,0.0,0.0,0.0,1.0,1
80,728,320,72,,,,,0.0,0.0,0.0,1.0,2
88,728,312,72,,,,,1.0,0.0,0.0,0.0,2
96,728,304,72,,,,,1.0,0.0,0.0,0.0,2
104,728,296,72,,,,,1.0,0.0,0.0,0.0,2
112,728,288,72,,,,,1.0,0.0,0.0,0.0,2
120,728,280,72,,,,,1.0,0.0,0.0,0.0,2
128,728,272,72,,,,,1.0,0.0,0.0,0.0,2
136,728,264,72,,,,,1.0,0.0,0.0,0.0,2
144,728,256,72,,,,,1.0,0.0,0.0,0.0,2
152,728,248,72,,,,,1.0,0.0,0.0,0.0,2
160,728,240,72,,,,,1.0,0.0,0.0,0.0,2
168,728,232,72,,,,,1.0,0.0,0.0,0.0,2
176,728,224,72,,,,,1.0,0.0,0.0,0.0,2
184,728,216,72,,,,,1.0,0.0,0.0,0.0,2
192,728,208,72,,,,,1.0,0.0,0.0,0.0,2
200,728,200,72,,,,,1.0,0.0,0.0,0.0,2
208,728,192,72,,,,,1.0,0.0,0.0,0.0,2
216,728,184,72,,,,,1.0,0.0,0.0,0.0,2
224,728,176,72,,,,,1.0,0.0,0.0,0.0,2
232,728,168,72,,,,,1.0,0.0,0.0,0.0,2
240,728,160,72,,,,,1.0,0.0,0.0,0.0,2
248,728,152,72,,,,,1.0,0.0,0.0,0.0,2
256,728,144,72,,,,,1.0,0.0,0.0,0.0,2
264,728,136,72,,,,,1.0,0.0,0.0,0.0,2
272,728,128,72,,,,,1.0,0.0,0.0,0.0,2
280,728,120,72,,,,,1.0,0.0,0.0,0.0,2
288,728,112,72,,,,,1.0,0.0,0.0,0.0,2
296,728,104,72,,,,,1.0,0.0,0.0,0.0,2
304,728,96,72,,,,,1.0,0.0,0.0,0.0,2
312,728,88,72,,,,,1.0,0.0,0.0,0.0,2
320,728,80,72,,,,,1.0,0.0,0.0,0.0,2
328,728,72,72,,,,,1.0,0.0,0.0,0.0,2
336,728,64,72,,,,,1.0,0.0,0.0,0.0,2
344,728,56,72,,,,,1.0,0.0,0.0,0.0,2
352,728,48,72,,,,,1.0,0.0,0.0,0.0,2
360,728,40,72,,,,,1.0,0.0,0.0,0.0,2
368,728,32,72,,,,,1.0,0.0,0.0,0.0,2
376,728,24,72,,,,,1.0,0.0,0.0,0.0,2
384,728,16,72,,,,,1.0,0.0,0.0,0.0,2
392,728,8,72,,,,,1.0,0.0,0.0,0.0,2
400,728,0,72,0.0,1.0,0.0,0.0,1.0,0.0,0.0,0.0,1
400,720,0,80,0.0,1.0,0.0,0.0,0.0,0.0,0.0,1.0,1
400,712,0,88,0.0,1.0,0.0,0.0,0.0,0.0,0.0,1.0,1
400,704,0,96,0.0,1.0,0.0,0.0,0.0,0.0,0.0,1.0,1
400,696,0,104,0.0,1.0,0.0,0.0,0.0,0.0,0.0,1.0,1
400,688,0,112,0.0,1.0,0.0,0.0,0.0,0.0,0.0,1.0,1
400,680,0,120,0.0,1.0,0.0,0.0,0.0,0.0,0.0,1.0,1
400,672,0,128,0.0,1.0,0.0,0.0,0.0,0.0,0.0,1.0,1
400,664,0,136,0.0,1.0,0.0,0.0,0.0,0.0,0.0,1.0,1
400,656,0,144,0.0,1.0,0.0,0.0,0.0,0.0,0.0,1.0,1
400,648,0,152,0.0,1.0,0.0,0.0,0.0,0.0,0.0,1.0,1
400,640,0,160,0.0,1.0,0.0,0.0,0.0,0.0,0.0,1.0,1
400,632,0,168,0.0,1.0,0.0,0.0,0.0,0.0,0.0,1.0,1
400,624,0,176,0.0,1.0,0.0,0.0,0.0,0.0,0.0,1.0,1
400,616,0,184,,,,,0.0,0.0,0.0,1.0,0
392,616,8,184,,,,,0.0,0.0,1.0,0.0,0
384,616,16,184,,,,,0.0,0.0,1.0,0.0,0
376,616,24,184,,,,,0.0,0.0,1.0,0.0,0
368,616,32,184,,,,,0.0,0.0,1.0,0.0,0
360,616,40,184,,,,,0.0,0.0,1.0,0.0,0
352,616,48,184,,,,,0.0,0.0,1.0,0.0,0
344,616,56,184,,,,,0.0,0.0,1.0,0.0,0
336,616,64,184,,,,,0.0,0.0,1.0,0.0,0
328,616,72,184,,,,,0.0,0.0,1.0,0.0,0
320,616,80,184,,,,,0.0,0.0,1.0,0.0,0
312,616,88,184,,,,,0.0,0.0,1.0,0.0,0
304,616,96,184,,,,,0.0,0.0,1.0,0.0,0
296,616,104,184,,,,,0.0,0.0,1.0,0.0,0
288,616,112,184,,,,,0.0,0.0,1.0,0.0,0
280,616,120,184,,,,,0.0,0.0,1.0,0.0,0
272,616,128,184,,,,,0.0,0.0,1.0,0.0,0
264,616,136,184,,,,,0.0,0.0,1.0,0.0,0
256,616,144,184,,,,,0.0,0.0,1.0,0.0,0
248,616,152,184,,,,,0.0,0.0,1.0,0.0,0
240,616,160,184,,,,,0.0,0.0,1.0,0.0,0
232,616,168,184,,,,,0.0,0.0,1.0,0.0,0
224,616,176,184,,,,,0.0,0.0,1.0,0.0,0
216,616,184,184,,,,,0.0,0.0,1.0,0.0,0
208,616,192,184,,,,,0.0,0.0,1.0,0.0,0
200,616,200,184,,,,,0.0,0.0,1.0,0.0,0
192,616,208,184,,,,,0.0,0.0,1.0,0.0,0
184,616,216,184,,,,,0.0,0.0,1.0,0.0,0
176,616,224,184,,,,,0.0,0.0,1.0,0.0,0
168,616,232,184,,,,,0.0,0.0,1.0,0.0,0
160,616,240,184,,,,,0.0,0.0,1.0,0.0,0
152,616,248,184,,,,,0.0,0.0,1.0,0.0,0
144,616,256,184,,,,,0.0,0.0,1.0,0.0,0
136,616,264,184,,,,,0.0,0.0,1.0,0.0,0
128,616,272,184,,,,,0.0,0.0,1.0,0.0,0
120,616,280,184,,,,,0.0,0.0,1.0,0.0,0
112,616,288,184,,,,,0.0,0.0,1.0,0.0,0
104,616,296,184,,,,,0.0,0.0,1.0,0.0,0
96,616,304,184,,,,,0.0,0.0,1.0,0.0,0
88,616,312,184,,,,,0.0,0.0,1.0,0.0,0
80,616,320,184,,,,,0.0,0.0,1.0,0.0,0
72,616,328,184,,,,,0.0,0.0,1.0,0.0,0
64,616,336,184,,,,,0.0,0.0,1.0,0.0,0
56,616,344,184,,,,,0.0,0.0,1.0,0.0,0
48,616,352,184,,,,,0.0,0.0,1.0,0.0,0
40,616,360,184,,,,,0.0,0.0,1.0,0.0,0
32,616,368,184,0.0,1.0,0.0,0.0,0.0,0.0,1.0,0.0,1
32,608,368,192,0.0,1.0,0.0,0.0,0.0,0.0,0.0,1.0,1
32,600,368,200,0.0,1.0,0.0,0.0,0.0,0.0,0.0,1.0,1
32,592,368,208,0.0,1.0,0.0,0.0,0.0,0.0,0.0,1.0,1
32,584,368,216,0.0,1.0,0.0,0.0,0.0,0.0,0.0,1.0,1
32,576,368,224,0.0,1.0,0.0,0.0,0.0,0.0,0.0,1.0,1
32,568,368,232,0.0,1.0,0.0,0.0,0.0,0.0,0.0,1.0,1
32,560,368,240,0.0,1.0,0.0,0.0,0.0,0.0,0.0,1.0,1
32,552,368,248,0.0,1.0,0.0,0.0,0.0,0.0,0.0,1.0,1
32,544,368,256,0.0,1.0,0.0,0.0,0.0,0.0,0.0,1.0,1
32,536,368,264,0.0,1.0,0.0,0.0,0.0,0.0,0.0,1.0,1
32,528,368,272,0.0,1.0,0.0,0.0,0.0,0.0,0.0,1.0,1
32,520,368,280,0.0,1.0,0.0,0.0,0.0,0.0,0.0,1.0,1
32,512,368,288,0.0,1.0,0.0,0.0,0.0,0.0,0.0,1.0,1
32,504,368,296,0.0,1.0,0.0,0.0,0.0,0.0,0.0,1.0,1
32,496,368,304,0.0,1.0,0.0,0.0,0.0,0.0,0.0,1.0,1
32,488,368,312,0.0,1.0,0.0,0.0,0.0,0.0,0.0,1.0,1
32,480,368,320,0.0,1.0,0.0,0.0,0.0,0.0,0.0,1.0,1
32,472,368,328,0.0,1.0,0.0,0.0,0.0,0.0,0.0,1.0,1
32,464,368,336,0.0,1.0,0.0,0.0,0.0,0.0,0.0,1.0,1
32,456,368,344,0.0,1.0,0.0,0.0,0.0,0.0,0.0,1.0,1
32,448,368,352,0.0,1.0,0.0,0.0,0.0,0.0,0.0,1.0,1
32,440,368,360,0.0,1.0,0.0,0.0,0.0,0.0,0.0,1.0,1
32,432,368,368,0.0,1.0,0.0,0.0,0.0,0.0,0.0,1.0,1
32,424,368,376,0.0,1.0,0.0,0.0,0.0,0.0,0.0,1.0,1
32,416,368,384,0.0,1.0,0.0,0.0,0.0,0.0,0.0,1.0,1
32,408,368,392,0.0,1.0,0.0,0.0,0.0,0.0,0.0,1.0,1
32,400,368,400,0.0,1.0,0.0,0.0,0.0,0.0,0.0,1.0,1
32,392,368,408,0.0,1.0,0.0,0.0,0.0,0.0,0.0,1.0,1
32,384,368,416,0.0,1.0,0.0,0.0,0.0,0.0,0.0,1.0,1
32,376,368,424,0.0,1.0,0.0,0.0,0.0,0.0,0.0,1.0,1
32,368,368,432,0.0,1.0,0.0,0.0,0.0,0.0,0.0,1.0,1
32,360,368,440,0.0,1.0,0.0,0.0,0.0,0.0,0.0,1.0,1
32,352,368,448,0.0,1.0,0.0,0.0,0.0,0.0,0.0,1.0,1
32,344,368,456,0.0,1.0,0.0,0.0,0.0,0.0,0.0,1.0,1
32,336,368,464,0.0,1.0,0.0,0.0,0.0,0.0,0.0,1.0,1
32,328,368,472,0.0,1.0,0.0,0.0,0.0,0.0,0.0,1.0,1
32,320,368,480,0.0,1.0,0.0,0.0,0.0,0.0,0.0,1.0,1
32,312,368,488,0.0,1.0,0.0,0.0,0.0,0.0,0.0,1.0,1
32,304,368,496,0.0,1.0,0.0,0.0,0.0,0.0,0.0,1.0,1
32,296,368,504,0.0,1.0,0.0,0.0,0.0,0.0,0.0,1.0,1
32,288,368,512,0.0,1.0,0.0,0.0,0.0,0.0,0.0,1.0,1
32,280,368,520,0.0,1.0,0.0,0.0,0.0,0.0,0.0,1.0,1
32,272,368,528,0.0,1.0,0.0,0.0,0.0,0.0,0.0,1.0,1
32,264,368,536,0.0,1.0,0.0,0.0,0.0,0.0,0.0,1.0,1
32,256,368,544,0.0,1.0,0.0,0.0,0.0,0.0,0.0,1.0,1
32,248,368,552,0.0,1.0,0.0,0.0,0.0,0.0,0.0,1.0,1
32,240,368,560,0.0,1.0,0.0,0.0,0.0,0.0,0.0,1.0,1
32,232,368,568,0.0,1.0,0.0,0.0,0.0,0.0,0.0,1.0,1
32,224,368,576,0.0,1.0,0.0,0.0,0.0,0.0,0.0,1.0,1
32,216,368,584,0.0,1.0,0.0,0.0,0.0,0.0,0.0,1.0,1
32,208,368,592,0.0,1.0,0.0,0.0,0.0,0.0,0.0,1.0,1
32,200,368,600,0.0,1.0,0.0,0.0,0.0,0.0,0.0,1.0,1
32,192,368,608,0.0,1.0,0.0,0.0,0.0,0.0,0.0,1.0,1
32,184,368,616,0.0,1.0,0.0,0.0,0.0,0.0,0.0,1.0,1
32,176,368,624,0.0,1.0,0.0,0.0,0.0,0.0,0.0,1.0,1
32,168,368,632,0.0,1.0,0.0,0.0,0.0,0.0,0.0,1.0,1
32,160,368,640,0.0,1.0,0.0,0.0,0.0,0.0,0.0,1.0,1
32,152,368,648,0.0,1.0,0.0,0.0,0.0,0.0,0.0,1.0,1
32,144,368,656,0.0,1.0,0.0,0.0,0.0,0.0,0.0,1.0,1
32,136,368,664,0.0,1.0,0.0,0.0,0.0,0.0,0.0,1.0,1
32,128,368,672,0.0,1.0,0.0,0.0,0.0,0.0,0.0,1.0,1
32,120,368,680,0.0,1.0,0.0,0.0,0.0,0.0,0.0,1.0,1
32,112,368,688,0.0,1.0,0.0,0.0,0.0,0.0,0.0,1.0,1
32,104,368,696,0.0,1.0,0.0,0.0,0.0,0.0,0.0,1.0,1
32,96,368,704,0.0,1.0,0.0,0.0,0.0,0.0,0.0,1.0,1
32,88,368,712,0.0,1.0,0.0,0.0,0.0,0.0,0.0,1.0,1
32,80,368,720,0.0,1.0,0.0,0.0,0.0,0.0,0.0,1.0,1
32,72,368,728,,,,,0.0,0.0,0.0,1.0,2
40,72,360,728,,,,,1.0,0.0,0.0,0.0,2
48,72,352,728,,,,,1.0,0.0,0.0,0.0,2
56,72,344,728,,,,,1.0,0.0,0.0,0.0,2
64,72,336,728,0.0,0.0,0.0,1.0,1.0,0.0,0.0,0.0,3
64,80,336,720,0.0,0.0,0.0,1.0,0.0,1.0,0.0,0.0,3
64,88,336,712,0.0,0.0,0.0,1.0,0.0,1.0,0.0,0.0,3
64,96,336,704,0.0,0.0,0.0,1.0,0.0,1.0,0.0,0.0,3
64,104,336,696,,,,,0.0,1.0,0.0,0.0,2
72,104,328,696,,,,,1.0,0.0,0.0,0.0,2
80,104,320,696,,,,,1.0,0.0,0.0,0.0,2
88,104,312,696,,,,,1.0,0.0,0.0,0.0,2
96,104,304,696,,,,,1.0,0.0,0.0,0.0,2
104,104,296,696,,,,,1.0,0.0,0.0,0.0,2
112,104,288,696,,,,,1.0,0.0,0.0,0.0,2
120,104,280,696,,,,,1.0,0.0,0.0,0.0,2
128,104,272,696,,,,,1.0,0.0,0.0,0.0,2
136,104,264,696,,,,,1.0,0.0,0.0,0.0,2
144,104,256,696,,,,,1.0,0.0,0.0,0.0,2
152,104,248,696,,,,,1.0,0.0,0.0,0.0,2
160,104,240,696,,,,,1.0,0.0,0.0,0.0,2
168,104,232,696,,,,,1.0,0.0,0.0,0.0,2
176,104,224,696,0.0,0.0,0.0,1.0,1.0,0.0,0.0,0.0,3
176,112,224,688,0.0,0.0,0.0,1.0,0.0,1.0,0.0,0.0,3
176,120,224,680,0.0,0.0,0.0,1.0,0.0,1.0,0.0,0.0,3
176,128,224,672,0.0,0.0,0.0,1.0,0.0,1.0,0.0,0.0,3
176,136,224,664,0.0,0.0,0.0,1.0,0.0,1.0,0.0,0.0,3
176,144,224,656,0.0,0.0,0.0,1.0,0.0,1.0,0.0,0.0,3
176,152,224,648,0.0,0.0,0.0,1.0,0.0,1.0,0.0,0.0,3
176,160,224,640,0.0,0.0,0.0,1.0,0.0,1.0,0.0,0.0,3
176,168,224,632,0.0,0.0,0.0,1.0,0.0,1.0,0.0,0.0,3
176,176,224,624,0.0,0.0,0.0,1.0,0.0,1.0,0.0,0.0,3
176,184,224,616,0.0,0.0,0.0,1.0,0.0,1.0,0.0,0.0,3
176,192,224,608,0.0,0.0,0.0,1.0,0.0,1.0,0.0,0.0,3
176,200,224,600,0.0,0.0,0.0,1.0,0.0,1.0,0.0,0.0,3
176,208,224,592,0.0,0.0,0.0,1.0,0.0,1.0,0.0,0.0,3
176,216,224,584,0.0,0.0,0.0,1.0,0.0,1.0,0.0,0.0,3
176,224,224,576,0.0,0.0,0.0,1.0,0.0,1.0,0.0,0.0,3
176,232,224,568,0.0,0.0,0.0,1.0,0.0,1.0,0.0,0.0,3
176,240,224,560,0.0,0.0,0.0,1.0,0.0,1.0,0.0,0.0,3
176,248,224,552,0.0,0.0,0.0,1.0,0.0,1.0,0.0,0.0,3
176,256,224,544,0.0,0.0,0.0,1.0,0.0,1.0,0.0,0.0,3
176,264,224,536,0.0,0.0,0.0,1.0,0.0,1.0,0.0,0.0,3
176,272,224,528,0.0,0.0,0.0,1.0,0.0,1.0,0.0,0.0,3
176,280,224,520,0.0,0.0,0.0,1.0,0.0,1.0,0.0,0.0,3
176,288,224,512,0.0,0.0,0.0,1.0,0.0,1.0,0.0,0.0,3
176,296,224,504,0.0,0.0,0.0,1.0,0.0,1.0,0.0,0.0,3
176,304,224,496,0.0,0.0,0.0,1.0,0.0,1.0,0.0,0.0,3
176,312,224,488,0.0,0.0,0.0,1.0,0.0,1.0,0.0,0.0,3
176,320,224,480,0.0,0.0,0.0,1.0,0.0,1.0,0.0,0.0,3
176,328,224,472,0.0,0.0,0.0,1.0,0.0,1.0,0.0,0.0,3
176,336,224,464,0.0,0.0,0.0,1.0,0.0,1.0,0.0,0.0,3
176,344,224,456,0.0,0.0,0.0,1.0,0.0,1.0,0.0,0.0,3
176,352,224,448,0.0,0.0,0.0,1.0,0.0,1.0,0.0,0.0,3
176,360,224,440,0.0,0.0,0.0,1.0,0.0,1.0,0.0,0.0,3
176,368,224,432,0.0,0.0,0.0,1.0,0.0,1.0,0.0,0.0,3
176,376,224,424,0.0,0.0,0.0,1.0,0.0,1.0,0.0,0.0,3
176,384,224,416,0.0,0.0,0.0,1.0,0.0,1.0,0.0,0.0,3
176,392,224,408,0.0,0.0,0.0,1.0,0.0,1.0,0.0,0.0,3
176,400,224,400,0.0,0.0,0.0,1.0,0.0,1.0,0.0,0.0,3
176,408,224,392,0.0,0.0,0.0,1.0,0.0,1.0,0.0,0.0,3
176,416,224,384,0.0,0.0,0.0,1.0,0.0,1.0,0.0,0.0,3
176,424,224,376,0.0,0.0,0.0,1.0,0.0,1.0,0.0,0.0,3
176,432,224,368,0.0,0.0,0.0,1.0,0.0,1.0,0.0,0.0,3
176,440,224,360,0.0,0.0,0.0,1.0,0.0,1.0,0.0,0.0,3
176,448,224,352,0.0,0.0,0.0,1.0,0.0,1.0,0.0,0.0,3
176,456,224,344,0.0,0.0,0.0,1.0,0.0,1.0,0.0,0.0,3
176,464,224,336,0.0,0.0,0.0,1.0,0.0,1.0,0.0,0.0,3
176,472,224,328,0.0,0.0,0.0,1.0,0.0,1.0,0.0,0.0,3
176,480,224,320,0.0,0.0,0.0,1.0,0.0,1.0,0.0,0.0,3
176,488,224,312,0.0,0.0,0.0,1.0,0.0,1.0,0.0,0.0,3
176,496,224,304,0.0,0.0,0.0,1.0,0.0,1.0,0.0,0.0,3
176,504,224,296,0.0,0.0,0.0,1.0,0.0,1.0,0.0,0.0,3
176,512,224,288,0.0,0.0,0.0,1.0,0.0,1.0,0.0,0.0,3
176,520,224,280,0.0,0.0,0.0,1.0,0.0,1.0,0.0,0.0,3
176,528,224,272,0.0,0.0,0.0,1.0,0.0,1.0,0.0,0.0,3
176,536,224,264,0.0,0.0,0.0,1.0,0.0,1.0,0.0,0.0,3
176,544,224,256,0.0,0.0,0.0,1.0,0.0,1.0,0.0,0.0,3
176,552,224,248,0.0,0.0,0.0,1.0,0.0,1.0,0.0,0.0,3
176,560,224,240,0.0,0.0,0.0,1.0,0.0,1.0,0.0,0.0,3
176,568,224,232,0.0,0.0,0.0,1.0,0.0,1.0,0.0,0.0,3
176,576,224,224,0.0,0.0,0.0,1.0,0.0,1.0,0.0,0.0,3
176,584,224,216,,,,,0.0,1.0,0.0,0.0,2
184,584,216,216,,,,,1.0,0.0,0.0,0.0,0
176,584,224,216,,,,,0.0,0.0,1.0,0.0,0
168,584,232,216,,,,,0.0,0.0,1.0,0.0,0
160,584,240,216,,,,,0.0,0.0,1.0,0.0,0
152,584,248,216,,,,,0.0,0.0,1.0,0.0,0
144,584,256,216,,,,,0.0,0.0,1.0,0.0,0
136,584,264,216,,,,,0.0,0.0,1.0,0.0,0
128,584,272,216,0.0,0.0,0.0,1.0,0.0,0.0,1.0,0.0,3
128,592,272,208,0.0,0.0,0.0,1.0,0.0,1.0,0.0,0.0,3
128,600,272,200,0.0,0.0,0.0,1.0,0.0,1.0,0.0,0.0,3
128,608,272,192,0.0,0.0,0.0,1.0,0.0,1.0,0.0,0.0,3
128,616,272,184,0.0,0.0,0.0,1.0,0.0,1.0,0.0,0.0,3
128,624,272,176,0.0,0.0,0.0,1.0,0.0,1.0,0.0,0.0,3
128,632,272,168,0.0,0.0,0.0,1.0,0.0,1.0,0.0,0.0,3
128,640,272,160,0.0,0.0,0.0,1.0,0.0,1.0,0.0,0.0,3
128,648,272,152,0.0,0.0,0.0,1.0,0.0,1.0,0.0,0.0,3
128,656,272,144,0.0,0.0,0.0,1.0,0.0,1.0,0.0,0.0,3
128,664,272,136,0.0,0.0,0.0,1.0,0.0,1.0,0.0,0.0,3
128,672,272,128,0.0,0.0,0.0,1.0,0.0,1.0,0.0,0.0,3
128,680,272,120,0.0,0.0,0.0,1.0,0.0,1.0,0.0,0.0,3
128,688,272,112,0.0,0.0,0.0,1.0,0.0,1.0,0.0,0.0,3
128,696,272,104,0.0,0.0,0.0,1.0,0.0,1.0,0.0,0.0,3
128,704,272,96,0.0,0.0,0.0,1.0,0.0,1.0,0.0,0.0,3
128,712,272,88,0.0,0.0,0.0,1.0,0.0,1.0,0.0,0.0,3
128,720,272,80,0.0,0.0,0.0,1.0,0.0,1.0,0.0,0.0,3
128,728,272,72,0.0,0.0,0.0,1.0,0.0,1.0,0.0,0.0,3
128,736,272,64,0.0,0.0,0.0,1.0,0.0,1.0,0.0,0.0,3
128,744,272,56,0.0,0.0,0.0,1.0,0.0,1.0,0.0,0.0,3
128,752,272,48,0.0,0.0,0.0,1.0,0.0,1.0,0.0,0.0,3
128,760,272,40,0.0,0.0,0.0,1.0,0.0,1.0,0.0,0.0,3
128,768,272,32,0.0,0.0,0.0,1.0,0.0,1.0,0.0,0.0,3
128,776,272,24,,,,,0.0,1.0,0.0,0.0,2
136,776,264,24,,,,,1.0,0.0,0.0,0.0,2
144,776,256,24,0.0,1.0,0.0,0.0,1.0,0.0,0.0,0.0,1
144,768,256,32,0.0,1.0,0.0,0.0,0.0,0.0,0.0,1.0,1
144,760,256,40,0.0,1.0,0.0,0.0,0.0,0.0,0.0,1.0,1
144,752,256,48,0.0,1.0,0.0,0.0,0.0,0.0,0.0,1.0,1
144,744,256,56,0.0,1.0,0.0,0.0,0.0,0.0,0.0,1.0,1
144,736,256,64,0.0,1.0,0.0,0.0,0.0,0.0,0.0,1.0,1
144,728,256,72,0.0,1.0,0.0,0.0,0.0,0.0,0.0,1.0,1
144,720,256,80,0.0,1.0,0.0,0.0,0.0,0.0,0.0,1.0,1
144,712,256,88,0.0,1.0,0.0,0.0,0.0,0.0,0.0,1.0,1
144,704,256,96,0.0,1.0,0.0,0.0,0.0,0.0,0.0,1.0,1
144,696,256,104,0.0,1.0,0.0,0.0,0.0,0.0,0.0,1.0,1
144,688,256,112,0.0,1.0,0.0,0.0,0.0,0.0,0.0,1.0,1
144,680,256,120,0.0,1.0,0.0,0.0,0.0,0.0,0.0,1.0,1
144,672,256,128,0.0,1.0,0.0,0.0,0.0,0.0,0.0,1.0,1
144,664,256,136,0.0,1.0,0.0,0.0,0.0,0.0,0.0,1.0,1
144,656,256,144,0.0,1.0,0.0,0.0,0.0,0.0,0.0,1.0,1
144,648,256,152,0.0,1.0,0.0,0.0,0.0,0.0,0.0,1.0,1
144,640,256,160,0.0,1.0,0.0,0.0,0.0,0.0,0.0,1.0,1
144,632,256,168,0.0,1.0,0.0,0.0,0.0,0.0,0.0,1.0,1
144,624,256,176,0.0,1.0,0.0,0.0,0.0,0.0,0.0,1.0,1
144,616,256,184,0.0,1.0,0.0,0.0,0.0,0.0,0.0,1.0,1
144,608,256,192,0.0,1.0,0.0,0.0,0.0,0.0,0.0,1.0,1
144,600,256,200,0.0,1.0,0.0,0.0,0.0,0.0,0.0,1.0,1
144,592,256,208,0.0,1.0,0.0,0.0,0.0,0.0,0.0,1.0,1
144,584,256,216,0.0,1.0,0.0,0.0,0.0,0.0,0.0,1.0,1
144,576,256,224,0.0,1.0,0.0,0.0,0.0,0.0,0.0,1.0,1
144,568,256,232,0.0,1.0,0.0,0.0,0.0,0.0,0.0,1.0,1
144,560,256,240,0.0,1.0,0.0,0.0,0.0,0.0,0.0,1.0,1
144,552,256,248,0.0,1.0,0.0,0.0,0.0,0.0,0.0,1.0,1
144,544,256,256,0.0,1.0,0.0,0.0,0.0,0.0,0.0,1.0,1
144,536,256,264,0.0,1.0,0.0,0.0,0.0,0.0,0.0,1.0,1
144,528,256,272,0.0,1.0,0.0,0.0,0.0,0.0,0.0,1.0,1
144,520,256,280,0.0,1.0,0.0,0.0,0.0,0.0,0.0,1.0,1
144,512,256,288,0.0,1.0,0.0,0.0,0.0,0.0,0.0,1.0,1
144,504,256,296,0.0,1.0,0.0,0.0,0.0,0.0,0.0,1.0,1
144,496,256,304,0.0,1.0,0.0,0.0,0.0,0.0,0.0,1.0,1
144,488,256,312,0.0,1.0,0.0,0.0,0.0,0.0,0.0,1.0,1
144,480,256,320,0.0,1.0,0.0,0.0,0.0,0.0,0.0,1.0,1
144,472,256,328,0.0,1.0,0.0,0.0,0.0,0.0,0.0,1.0,1
144,464,256,336,0.0,1.0,0.0,0.0,0.0,0.0,0.0,1.0,1
144,456,256,344,0.0,1.0,0.0,0.0,0.0,0.0,0.0,1.0,1
144,448,256,352,0.0,1.0,0.0,0.0,0.0,0.0,0.0,1.0,1
144,440,256,360,0.0,1.0,0.0,0.0,0.0,0.0,0.0,1.0,1
144,432,256,368,0.0,1.0,0.0,0.0,0.0,0.0,0.0,1.0,1
144,424,256,376,0.0,1.0,0.0,0.0,0.0,0.0,0.0,1.0,1
144,416,256,384,0.0,1.0,0.0,0.0,0.0,0.0,0.0,1.0,1
144,408,256,392,0.0,1.0,0.0,0.0,0.0,0.0,0.0,1.0,1
144,400,256,400,0.0,1.0,0.0,0.0,0.0,0.0,0.0,1.0,1
144,392,256,408,0.0,1.0,0.0,0.0,0.0,0.0,0.0,1.0,1
144,384,256,416,0.0,1.0,0.0,0.0,0.0,0.0,0.0,1.0,1
144,376,256,424,0.0,1.0,0.0,0.0,0.0,0.0,0.0,1.0,1
144,368,256,432,0.0,1.0,0.0,0.0,0.0,0.0,0.0,1.0,1
144,360,256,440,0.0,1.0,0.0,0.0,0.0,0.0,0.0,1.0,1
144,352,256,448,0.0,1.0,0.0,0.0,0.0,0.0,0.0,1.0,1
144,344,256,456,0.0,1.0,0.0,0.0,0.0,0.0,0.0,1.0,1
144,336,256,464,0.0,1.0,0.0,0.0,0.0,0.0,0.0,1.0,1
144,328,256,472,,,,,0.0,0.0,0.0,1.0,0
136,328,264,472,,,,,0.0,0.0,1.0,0.0,0
128,328,272,472,,,,,0.0,0.0,1.0,0.0,0
120,328,280,472,,,,,0.0,0.0,1.0,0.0,0
112,328,288,472,,,,,0.0,0.0,1.0,0.0,0
104,328,296,472,,,,,0.0,0.0,1.0,0.0,0
96,328,304,472,,,,,0.0,0.0,1.0,0.0,0
88,328,312,472,,,,,0.0,0.0,1.0,0.0,0
80,328,320,472,,,,,0.0,0.0,1.0,0.0,0
72,328,328,472,,,,,0.0,0.0,1.0,0.0,0
64,328,336,472,,,,,0.0,0.0,1.0,0.0,0
56,328,344,472,,,,,0.0,0.0,1.0,0.0,0
48,328,352,472,0.0,0.0,0.0,1.0,0.0,0.0,1.0,0.0,3
48,336,352,464,0.0,0.0,0.0,1.0,0.0,1.0,0.0,0.0,3
48,344,352,456,0.0,0.0,0.0,1.0,0.0,1.0,0.0,0.0,3
48,352,352,448,0.0,0.0,0.0,1.0,0.0,1.0,0.0,0.0,3
48,360,352,440,0.0,0.0,0.0,1.0,0.0,1.0,0.0,0.0,3
48,368,352,432,0.0,0.0,0.0,1.0,0.0,1.0,0.0,0.0,3
48,376,352,424,0.0,0.0,0.0,1.0,0.0,1.0,0.0,0.0,3
48,384,352,416,0.0,0.0,0.0,1.0,0.0,1.0,0.0,0.0,3
48,392,352,408,0.0,0.0,0.0,1.0,0.0,1.0,0.0,0.0,3
48,400,352,400,0.0,0.0,0.0,1.0,0.0,1.0,0.0,0.0,3
48,408,352,392,0.0,0.0,0.0,1.0,0.0,1.0,0.0,0.0,3
48,416,352,384,0.0,0.0,0.0,1.0,0.0,1.0,0.0,0.0,3
48,424,352,376,0.0,0.0,0.0,1.0,0.0,1.0,0.0,0.0,3
48,432,352,368,0.0,0.0,0.0,1.0,0.0,1.0,0.0,0.0,3
48,440,352,360,0.0,0.0,0.0,1.0,0.0,1.0,0.0,0.0,3
48,448,352,352,0.0,0.0,0.0,1.0,0.0,1.0,0.0,0.0,3
48,456,352,344,0.0,0.0,0.0,1.0,0.0,1.0,0.0,0.0,3
48,464,352,336,0.0,0.0,0.0,1.0,0.0,1.0,0.0,0.0,3
48,472,352,328,0.0,0.0,0.0,1.0,0.0,1.0,0.0,0.0,3
48,480,352,320,0.0,0.0,0.0,1.0,0.0,1.0,0.0,0.0,3
48,488,352,312,0.0,0.0,0.0,1.0,0.0,1.0,0.0,0.0,3
48,496,352,304,0.0,0.0,0.0,1.0,0.0,1.0,0.0,0.0,3
48,504,352,296,0.0,0.0,0.0,1.0,0.0,1.0,0.0,0.0,3
48,512,352,288,0.0,0.0,0.0,1.0,0.0,1.0,0.0,0.0,3
48,520,352,280,0.0,0.0,0.0,1.0,0.0,1.0,0.0,0.0,3
48,528,352,272,0.0,0.0,0.0,1.0,0.0,1.0,0.0,0.0,3
48,536,352,264,0.0,0.0,0.0,1.0,0.0,1.0,0.0,0.0,3
48,544,352,256,0.0,0.0,0.0,1.0,0.0,1.0,0.0,0.0,3
48,552,352,248,0.0,0.0,0.0,1.0,0.0,1.0,0.0,0.0,3
48,560,352,240,0.0,0.0,0.0,1.0,0.0,1.0,0.0,0.0,3
48,568,352,232,0.0,0.0,0.0,1.0,0.0,1.0,0.0,0.0,3
48,576,352,224,0.0,0.0,0.0,1.0,0.0,1.0,0.0,0.0,3
48,584,352,216,0.0,0.0,0.0,1.0,0.0,1.0,0.0,0.0,3
48,592,352,208,0.0,0.0,0.0,1.0,0.0,1.0,0.0,0.0,3
48,600,352,200,0.0,0.0,0.0,1.0,0.0,1.0,0.0,0.0,3
48,608,352,192,0.0,0.0,0.0,1.0,0.0,1.0,0.0,0.0,3
48,616,352,184,0.0,0.0,0.0,1.0,0.0,1.0,0.0,0.0,3
48,624,352,176,0.0,0.0,0.0,1.0,0.0,1.0,0.0,0.0,3
48,632,352,168,,,,,0.0,1.0,0.0,0.0,2
56,632,344,168,,,,,1.0,0.0,0.0,0.0,2
64,632,336,168,,,,,1.0,0.0,0.0,0.0,2
72,632,328,168,,,,,1.0,0.0,0.0,0.0,2
80,632,320,168,,,,,1.0,0.0,0.0,0.0,2
88,632,312,168,,,,,1.0,0.0,0.0,0.0,2
96,632,304,168,,,,,1.0,0.0,0.0,0.0,2
104,632,296,168,,,,,1.0,0.0,0.0,0.0,2
112,632,288,168,,,,,1.0,0.0,0.0,0.0,2
120,632,280,168,,,,,1.0,0.0,0.0,0.0,2
128,632,272,168,,,,,1.0,0.0,0.0,0.0,2
136,632,264,168,,,,,1.0,0.0,0.0,0.0,2
144,632,256,168,,,,,1.0,0.0,0.0,0.0,2
152,632,248,168,,,,,1.0,0.0,0.0,0.0,2
160,632,240,168,,,,,1.0,0.0,0.0,0.0,2
168,632,232,168,,,,,1.0,0.0,0.0,0.0,2
176,632,224,168,,,,,1.0,0.0,0.0,0.0,2
184,632,216,168,,,,,1.0,0.0,0.0,0.0,2
192,632,208,168,,,,,1.0,0.0,0.0,0.0,2
200,632,200,168,,,,,1.0,0.0,0.0,0.0,2
208,632,192,168,,,,,1.0,0.0,0.0,0.0,2
216,632,184,168,,,,,1.0,0.0,0.0,0.0,2
224,632,176,168,,,,,1.0,0.0,0.0,0.0,2
232,632,168,168,,,,,1.0,0.0,0.0,0.0,2
240,632,160,168,,,,,1.0,0.0,0.0,0.0,2
248,632,152,168,,,,,1.0,0.0,0.0,0.0,2
256,632,144,168,,,,,1.0,0.0,0.0,0.0,2
264,632,136,168,,,,,1.0,0.0,0.0,0.0,2
272,632,128,168,,,,,1.0,0.0,0.0,0.0,2
280,632,120,168,,,,,1.0,0.0,0.0,0.0,2
288,632,112,168,0.0,0.0,0.0,1.0,1.0,0.0,0.0,0.0,3
288,640,112,160,0.0,0.0,0.0,1.0,0.0,1.0,0.0,0.0,3
288,648,112,152,0.0,0.0,0.0,1.0,0.0,1.0,0.0,0.0,3
288,656,112,144,0.0,0.0,0.0,1.0,0.0,1.0,0.0,0.0,3
288,664,112,136,0.0,0.0,0.0,1.0,0.0,1.0,0.0,0.0,3
288,672,112,128,0.0,0.0,0.0,1.0,0.0,1.0,0.0,0.0,3
288,680,112,120,0.0,0.0,0.0,1.0,0.0,1.0,0.0,0.0,3
288,688,112,112,0.0,0.0,0.0,1.0,0.0,1.0,0.0,0.0,3
288,696,112,104,,,,,0.0,1.0,0.0,0.0,2
296,696,104,104,,,,,1.0,0.0,0.0,0.0,2
304,696,96,104,,,,,1.0,0.0,0.0,0.0,2
312,696,88,104,,,,,1.0,0.0,0.0,0.0,2
320,696,80,104,0.0,1.0,0.0,0.0,1.0,0.0,0.0,0.0,1
320,688,80,112,0.0,1.0,0.0,0.0,0.0,0.0,0.0,1.0,1
320,680,80,120,0.0,1.0,0.0,0.0,0.0,0.0,0.0,1.0,1
320,672,80,128,0.0,1.0,0.0,0.0,0.0,0.0,0.0,1.0,1
320,664,80,136,0.0,1.0,0.0,0.0,0.0,0.0,0.0,1.0,1
320,656,80,144,0.0,1.0,0.0,0.0,0.0,0.0,0.0,1.0,1
320,648,80,152,0.0,1.0,0.0,0.0,0.0,0.0,0.0,1.0,1
320,640,80,160,0.0,1.0,0.0,0.0,0.0,0.0,0.0,1.0,1
320,632,80,168,0.0,1.0,0.0,0.0,0.0,0.0,0.0,1.0,1
320,624,80,176,0.0,1.0,0.0,0.0,0.0,0.0,0.0,1.0,1
320,616,80,184,0.0,1.0,0.0,0.0,0.0,0.0,0.0,1.0,1
320,608,80,192,0.0,1.0,0.0,0.0,0.0,0.0,0.0,1.0,1
320,600,80,200,0.0,1.0,0.0,0.0,0.0,0.0,0.0,1.0,1
320,592,80,208,0.0,1.0,0.0,0.0,0.0,0.0,0.0,1.0,1
320,584,80,216,0.0,1.0,0.0,0.0,0.0,0.0,0.0,1.0,1
320,576,80,224,0.0,1.0,0.0,0.0,0.0,0.0,0.0,1.0,1
320,568,80,232,0.0,1.0,0.0,0.0,0.0,0.0,0.0,1.0,1
320,560,80,240,0.0,1.0,0.0,0.0,0.0,0.0,0.0,1.0,1
320,552,80,248,0.0,1.0,0.0,0.0,0.0,0.0,0.0,1.0,1
320,544,80,256,0.0,1.0,0.0,0.0,0.0,0.0,0.0,1.0,1
320,536,80,264,0.0,1.0,0.0,0.0,0.0,0.0,0.0,1.0,1
320,528,80,272,0.0,1.0,0.0,0.0,0.0,0.0,0.0,1.0,1
320,520,80,280,0.0,1.0,0.0,0.0,0.0,0.0,0.0,1.0,1
320,512,80,288,0.0,1.0,0.0,0.0,0.0,0.0,0.0,1.0,1
320,504,80,296,0.0,1.0,0.0,0.0,0.0,0.0,0.0,1.0,1
320,496,80,304,0.0,1.0,0.0,0.0,0.0,0.0,0.0,1.0,1
320,488,80,312,0.0,1.0,0.0,0.0,0.0,0.0,0.0,1.0,1
320,480,80,320,0.0,1.0,0.0,0.0,0.0,0.0,0.0,1.0,1
320,472,80,328,0.0,1.0,0.0,0.0,0.0,0.0,0.0,1.0,1
320,464,80,336,0.0,1.0,0.0,0.0,0.0,0.0,0.0,1.0,1
320,456,80,344,0.0,1.0,0.0,0.0,0.0,0.0,0.0,1.0,1
320,448,80,352,0.0,1.0,0.0,0.0,0.0,0.0,0.0,1.0,1
320,440,80,360,0.0,1.0,0.0,0.0,0.0,0.0,0.0,1.0,1
320,432,80,368,0.0,1.0,0.0,0.0,0.0,0.0,0.0,1.0,1
320,424,80,376,0.0,1.0,0.0,0.0,0.0,0.0,0.0,1.0,1
320,416,80,384,0.0,1.0,0.0,0.0,0.0,0.0,0.0,1.0,1
320,408,80,392,0.0,1.0,0.0,0.0,0.0,0.0,0.0,1.0,1
320,400,80,400,0.0,1.0,0.0,0.0,0.0,0.0,0.0,1.0,1
320,392,80,408,0.0,1.0,0.0,0.0,0.0,0.0,0.0,1.0,1
320,384,80,416,0.0,1.0,0.0,0.0,0.0,0.0,0.0,1.0,1
320,376,80,424,0.0,1.0,0.0,0.0,0.0,0.0,0.0,1.0,1
320,368,80,432,0.0,1.0,0.0,0.0,0.0,0.0,0.0,1.0,1
320,360,80,440,0.0,1.0,0.0,0.0,0.0,0.0,0.0,1.0,1
320,352,80,448,0.0,1.0,0.0,0.0,0.0,0.0,0.0,1.0,1
320,344,80,456,0.0,1.0,0.0,0.0,0.0,0.0,0.0,1.0,1
320,336,80,464,0.0,1.0,0.0,0.0,0.0,0.0,0.0,1.0,1
320,328,80,472,0.0,1.0,0.0,0.0,0.0,0.0,0.0,1.0,1
320,320,80,480,0.0,1.0,0.0,0.0,0.0,0.0,0.0,1.0,1
320,312,80,488,0.0,1.0,0.0,0.0,0.0,0.0,0.0,1.0,1
320,304,80,496,0.0,1.0,0.0,0.0,0.0,0.0,0.0,1.0,1
320,296,80,504,0.0,1.0,0.0,0.0,0.0,0.0,0.0,1.0,1
320,288,80,512,0.0,1.0,0.0,0.0,0.0,0.0,0.0,1.0,1
320,280,80,520,0.0,1.0,0.0,0.0,0.0,0.0,0.0,1.0,1
320,272,80,528,0.0,1.0,0.0,0.0,0.0,0.0,0.0,1.0,1
320,264,80,536,0.0,1.0,0.0,0.0,0.0,0.0,0.0,1.0,1
320,256,80,544,0.0,1.0,0.0,0.0,0.0,0.0,0.0,1.0,1
320,248,80,552,0.0,1.0,0.0,0.0,0.0,0.0,0.0,1.0,1
320,240,80,560,0.0,1.0,0.0,0.0,0.0,0.0,0.0,1.0,1
320,232,80,568,0.0,1.0,0.0,0.0,0.0,0.0,0.0,1.0,1
320,224,80,576,0.0,1.0,0.0,0.0,0.0,0.0,0.0,1.0,1
320,216,80,584,0.0,1.0,0.0,0.0,0.0,0.0,0.0,1.0,1
320,208,80,592,0.0,1.0,0.0,0.0,0.0,0.0,0.0,1.0,1
320,200,80,600,0.0,1.0,0.0,0.0,0.0,0.0,0.0,1.0,1
320,192,80,608,0.0,1.0,0.0,0.0,0.0,0.0,0.0,1.0,1
320,184,80,616,,,,,0.0,0.0,0.0,1.0,0
312,184,88,616,,,,,0.0,0.0,1.0,0.0,0
304,184,96,616,,,,,0.0,0.0,1.0,0.0,0
296,184,104,616,,,,,0.0,0.0,1.0,0.0,0
288,184,112,616,,,,,0.0,0.0,1.0,0.0,0
280,184,120,616,,,,,0.0,0.0,1.0,0.0,0
272,184,128,616,,,,,0.0,0.0,1.0,0.0,0
264,184,136,616,,,,,0.0,0.0,1.0,0.0,0
256,184,144,616,,,,,0.0,0.0,1.0,0.0,0
248,184,152,616,,,,,0.0,0.0,1.0,0.0,0
240,184,160,616,,,,,0.0,0.0,1.0,0.0,0
232,184,168,616,,,,,0.0,0.0,1.0,0.0,0
224,184,176,616,,,,,0.0,0.0,1.0,0.0,0
216,184,184,616,,,,,0.0,0.0,1.0,0.0,0
208,184,192,616,,,,,0.0,0.0,1.0,0.0,0
200,184,200,616,,,,,0.0,0.0,1.0,0.0,0
192,184,208,616,,,,,0.0,0.0,1.0,0.0,0
184,184,216,616,,,,,0.0,0.0,1.0,0.0,0
176,184,224,616,,,,,0.0,0.0,1.0,0.0,0
168,184,232,616,,,,,0.0,0.0,1.0,0.0,0
160,184,240,616,,,,,0.0,0.0,1.0,0.0,0
152,184,248,616,,,,,0.0,0.0,1.0,0.0,0
144,184,256,616,,,,,0.0,0.0,1.0,0.0,0
136,184,264,616,,,,,0.0,0.0,1.0,0.0,0
128,184,272,616,0.0,0.0,0.0,1.0,0.0,0.0,1.0,0.0,3
128,192,272,608,0.0,0.0,0.0,1.0,0.0,1.0,0.0,0.0,3
128,200,272,600,0.0,0.0,0.0,1.0,0.0,1.0,0.0,0.0,3
128,208,272,592,0.0,0.0,0.0,1.0,0.0,1.0,0.0,0.0,3
128,216,272,584,0.0,0.0,0.0,1.0,0.0,1.0,0.0,0.0,3
128,224,272,576,0.0,0.0,0.0,1.0,0.0,1.0,0.0,0.0,3
128,232,272,568,0.0,0.0,0.0,1.0,0.0,1.0,0.0,0.0,3
128,240,272,560,0.0,0.0,0.0,1.0,0.0,1.0,0.0,0.0,3
128,248,272,552,0.0,0.0,0.0,1.0,0.0,1.0,0.0,0.0,3
128,256,272,544,0.0,0.0,0.0,1.0,0.0,1.0,0.0,0.0,3
128,264,272,536,0.0,0.0,0.0,1.0,0.0,1.0,0.0,0.0,3
128,272,272,528,0.0,0.0,0.0,1.0,0.0,1.0,0.0,0.0,3
128,280,272,520,0.0,0.0,0.0,1.0,0.0,1.0,0.0,0.0,3
128,288,272,512,0.0,0.0,0.0,1.0,0.0,1.0,0.0,0.0,3
128,296,272,504,0.0,0.0,0.0,1.0,0.0,1.0,0.0,0.0,3
128,304,272,496,0.0,0.0,0.0,1.0,0.0,1.0,0.0,0.0,3
128,312,272,488,0.0,0.0,0.0,1.0,0.0,1.0,0.0,0.0,3
128,320,272,480,0.0,0.0,0.0,1.0,0.0,1.0,0.0,0.0,3
128,328,272,472,0.0,0.0,0.0,1.0,0.0,1.0,0.0,0.0,3
128,336,272,464,0.0,0.0,0.0,1.0,0.0,1.0,0.0,0.0,3
128,344,272,456,0.0,0.0,0.0,1.0,0.0,1.0,0.0,0.0,3
128,352,272,448,0.0,0.0,0.0,1.0,0.0,1.0,0.0,0.0,3
128,360,272,440,0.0,0.0,0.0,1.0,0.0,1.0,0.0,0.0,3
128,368,272,432,0.0,0.0,0.0,1.0,0.0,1.0,0.0,0.0,3
128,376,272,424,0.0,0.0,0.0,1.0,0.0,1.0,0.0,0.0,3
128,384,272,416,0.0,0.0,0.0,1.0,0.0,1.0,0.0,0.0,3
128,392,272,408,0.0,0.0,0.0,1.0,0.0,1.0,0.0,0.0,3
128,400,272,400,0.0,0.0,0.0,1.0,0.0,1.0,0.0,0.0,3
128,408,272,392,0.0,0.0,0.0,1.0,0.0,1.0,0.0,0.0,3
128,416,272,384,0.0,0.0,0.0,1.0,0.0,1.0,0.0,0.0,3
128,424,272,376,0.0,0.0,0.0,1.0,0.0,1.0,0.0,0.0,3
128,432,272,368,0.0,0.0,0.0,1.0,0.0,1.0,0.0,0.0,3
128,440,272,360,0.0,0.0,0.0,1.0,0.0,1.0,0.0,0.0,3
128,448,272,352,0.0,0.0,0.0,1.0,0.0,1.0,0.0,0.0,3
128,456,272,344,0.0,0.0,0.0,1.0,0.0,1.0,0.0,0.0,3
128,464,272,336,0.0,0.0,0.0,1.0,0.0,1.0,0.0,0.0,3
128,472,272,328,0.0,0.0,0.0,1.0,0.0,1.0,0.0,0.0,3
128,480,272,320,0.0,0.0,0.0,1.0,0.0,1.0,0.0,0.0,3
128,488,272,312,0.0,0.0,0.0,1.0,0.0,1.0,0.0,0.0,3
128,496,272,304,0.0,0.0,0.0,1.0,0.0,1.0,0.0,0.0,3
128,504,272,296,0.0,0.0,0.0,1.0,0.0,1.0,0.0,0.0,3
128,512,272,288,0.0,0.0,0.0,1.0,0.0,1.0,0.0,0.0,3
128,520,272,280,0.0,0.0,0.0,1.0,0.0,1.0,0.0,0.0,3
128,528,272,272,0.0,0.0,0.0,1.0,0.0,1.0,0.0,0.0,3
128,536,272,264,0.0,0.0,0.0,1.0,0.0,1.0,0.0,0.0,3
128,544,272,256,0.0,0.0,0.0,1.0,0.0,1.0,0.0,0.0,3
128,552,272,248,0.0,0.0,0.0,1.0,0.0,1.0,0.0,0.0,3
128,560,272,240,0.0,0.0,0.0,1.0,0.0,1.0,0.0,0.0,3
128,568,272,232,,,,,0.0,1.0,0.0,0.0,2
136,568,264,232,,,,,1.0,0.0,0.0,0.0,2
144,568,256,232,,,,,1.0,0.0,0.0,0.0,2
152,568,248,232,,,,,1.0,0.0,0.0,0.0,2
160,568,240,232,0.0,1.0,0.0,0.0,1.0,0.0,0.0,0.0,1
160,560,240,240,0.0,1.0,0.0,0.0,0.0,0.0,0.0,1.0,1
160,552,240,248,0.0,1.0,0.0,0.0,0.0,0.0,0.0,1.0,1
160,544,240,256,0.0,1.0,0.0,0.0,0.0,0.0,0.0,1.0,1
160,536,240,264,0.0,1.0,0.0,0.0,0.0,0.0,0.0,1.0,1
160,528,240,272,0.0,1.0,0.0,0.0,0.0,0.0,0.0,1.0,1
160,520,240,280,0.0,1.0,0.0,0.0,0.0,0.0,0.0,1.0,1
160,512,240,288,0.0,1.0,0.0,0.0,0.0,0.0,0.0,1.0,1
160,504,240,296,0.0,1.0,0.0,0.0,0.0,0.0,0.0,1.0,1
160,496,240,304,0.0,1.0,0.0,0.0,0.0,0.0,0.0,1.0,1
160,488,240,312,0.0,1.0,0.0,0.0,0.0,0.0,0.0,1.0,1
160,480,240,320,0.0,1.0,0.0,0.0,0.0,0.0,0.0,1.0,1
160,472,240,328,0.0,1.0,0.0,0.0,0.0,0.0,0.0,1.0,1
160,464,240,336,0.0,1.0,0.0,0.0,0.0,0.0,0.0,1.0,1
160,456,240,344,0.0,1.0,0.0,0.0,0.0,0.0,0.0,1.0,1
160,448,240,352,0.0,1.0,0.0,0.0,0.0,0.0,0.0,1.0,1
160,440,240,360,,,,,0.0,0.0,0.0,1.0,0
152,440,248,360,,,,,0.0,0.0,1.0,0.0,0
144,440,256,360,,,,,0.0,0.0,1.0,0.0,0
136,440,264,360,,,,,0.0,0.0,1.0,0.0,0
128,440,272,360,,,,,0.0,0.0,1.0,0.0,0
120,440,280,360,,,,,0.0,0.0,1.0,0.0,0
112,440,288,360,,,,,0.0,0.0,1.0,0.0,0
104,440,296,360,,,,,0.0,0.0,1.0,0.0,0
96,440,304,360,,,,,0.0,0.0,1.0,0.0,0
88,440,312,360,,,,,0.0,0.0,1.0,0.0,0
80,440,320,360,,,,,0.0,0.0,1.0,0.0,0
72,440,328,360,,,,,0.0,0.0,1.0,0.0,0
64,440,336,360,,,,,0.0,0.0,1.0,0.0,0
56,440,344,360,,,,,0.0,0.0,1.0,0.0,0
48,440,352,360,,,,,0.0,0.0,1.0,0.0,0
40,440,360,360,,,,,0.0,0.0,1.0,0.0,0
32,440,368,360,,,,,0.0,0.0,1.0,0.0,0
24,440,376,360,,,,,0.0,0.0,1.0,0.0,0
16,440,384,360,0.0,1.0,0.0,0.0,0.0,0.0,1.0,0.0,1
16,432,384,368,0.0,1.0,0.0,0.0,0.0,0.0,0.0,1.0,1
16,424,384,376,0.0,1.0,0.0,0.0,0.0,0.0,0.0,1.0,1
16,416,384,384,0.0,1.0,0.0,0.0,0.0,0.0,0.0,1.0,1
16,408,384,392,0.0,1.0,0.0,0.0,0.0,0.0,0.0,1.0,1
16,400,384,400,0.0,1.0,0.0,0.0,0.0,0.0,0.0,1.0,1
16,392,384,408,0.0,1.0,0.0,0.0,0.0,0.0,0.0,1.0,1
16,384,384,416,0.0,1.0,0.0,0.0,0.0,0.0,0.0,1.0,1
16,376,384,424,0.0,1.0,0.0,0.0,0.0,0.0,0.0,1.0,1
16,368,384,432,0.0,1.0,0.0,0.0,0.0,0.0,0.0,1.0,1
16,360,384,440,0.0,1.0,0.0,0.0,0.0,0.0,0.0,1.0,1
16,352,384,448,0.0,1.0,0.0,0.0,0.0,0.0,0.0,1.0,1
16,344,384,456,0.0,1.0,0.0,0.0,0.0,0.0,0.0,1.0,1
16,336,384,464,0.0,1.0,0.0,0.0,0.0,0.0,0.0,1.0,1
16,328,384,472,0.0,1.0,0.0,0.0,0.0,0.0,0.0,1.0,1
16,320,384,480,0.0,1.0,0.0,0.0,0.0,0.0,0.0,1.0,1
16,312,384,488,0.0,1.0,0.0,0.0,0.0,0.0,0.0,1.0,1
16,304,384,496,0.0,1.0,0.0,0.0,0.0,0.0,0.0,1.0,1
16,296,384,504,0.0,1.0,0.0,0.0,0.0,0.0,0.0,1.0,1
16,288,384,512,0.0,1.0,0.0,0.0,0.0,0.0,0.0,1.0,1
16,280,384,520,0.0,1.0,0.0,0.0,0.0,0.0,0.0,1.0,1
16,272,384,528,0.0,1.0,0.0,0.0,0.0,0.0,0.0,1.0,1
16,264,384,536,0.0,1.0,0.0,0.0,0.0,0.0,0.0,1.0,1
16,256,384,544,0.0,1.0,0.0,0.0,0.0,0.0,0.0,1.0,1
16,248,384,552,0.0,1.0,0.0,0.0,0.0,0.0,0.0,1.0,1
16,240,384,560,0.0,1.0,0.0,0.0,0.0,0.0,0.0,1.0,1
16,232,384,568,0.0,1.0,0.0,0.0,0.0,0.0,0.0,1.0,1
16,224,384,576,0.0,1.0,0.0,0.0,0.0,0.0,0.0,1.0,1
16,216,384,584,0.0,1.0,0.0,0.0,0.0,0.0,0.0,1.0,1
16,208,384,592,0.0,1.0,0.0,0.0,0.0,0.0,0.0,1.0,1
16,200,384,600,0.0,1.0,0.0,0.0,0.0,0.0,0.0,1.0,1
16,192,384,608,0.0,1.0,0.0,0.0,0.0,0.0,0.0,1.0,1
16,184,384,616,0.0,1.0,0.0,0.0,0.0,0.0,0.0,1.0,1
16,176,384,624,0.0,1.0,0.0,0.0,0.0,0.0,0.0,1.0,1
16,168,384,632,0.0,1.0,0.0,0.0,0.0,0.0,0.0,1.0,1
16,160,384,640,0.0,1.0,0.0,0.0,0.0,0.0,0.0,1.0,1
16,152,384,648,0.0,1.0,0.0,0.0,0.0,0.0,0.0,1.0,1
16,144,384,656,0.0,1.0,0.0,0.0,0.0,0.0,0.0,1.0,1
16,136,384,664,0.0,1.0,0.0,0.0,0.0,0.0,0.0,1.0,1
16,128,384,672,0.0,1.0,0.0,0.0,0.0,0.0,0.0,1.0,1
16,120,384,680,0.0,1.0,0.0,0.0,0.0,0.0,0.0,1.0,1
16,112,384,688,0.0,1.0,0.0,0.0,0.0,0.0,0.0,1.0,1
16,104,384,696,0.0,1.0,0.0,0.0,0.0,0.0,0.0,1.0,1
16,96,384,704,0.0,1.0,0.0,0.0,0.0,0.0,0.0,1.0,1
16,88,384,712,0.0,1.0,0.0,0.0,0.0,0.0,0.0,1.0,1
16,80,384,720,0.0,1.0,0.0,0.0,0.0,0.0,0.0,1.0,1
16,72,384,728,,,,,0.0,0.0,0.0,1.0,2
24,72,376,728,,,,,1.0,0.0,0.0,0.0,2
32,72,368,728,,,,,1.0,0.0,0.0,0.0,2
40,72,360,728,,,,,1.0,0.0,0.0,0.0,2
48,72,352,728,,,,,1.0,0.0,0.0,0.0,2
56,72,344,728,,,,,1.0,0.0,0.0,0.0,2
64,72,336,728,,,,,1.0,0.0,0.0,0.0,2
72,72,328,728,,,,,1.0,0.0,0.0,0.0,2
80,72,320,728,,,,,1.0,0.0,0.0,0.0,2
88,72,312,728,,,,,1.0,0.0,0.0,0.0,2
96,72,304,728,,,,,1.0,0.0,0.0,0.0,2
104,72,296,728,,,,,1.0,0.0,0.0,0.0,2
112,72,288,728,,,,,1.0,0.0,0.0,0.0,2
120,72,280,728,,,,,1.0,0.0,0.0,0.0,2
128,72,272,728,,,,,1.0,0.0,0.0,0.0,2
136,72,264,728,,,,,1.0,0.0,0.0,0.0,2
144,72,256,728,,,,,1.0,0.0,0.0,0.0,2
152,72,248,728,,,,,1.0,0.0,0.0,0.0,2
160,72,240,728,,,,,1.0,0.0,0.0,0.0,2
168,72,232,728,,,,,1.0,0.0,0.0,0.0,2
176,72,224,728,,,,,1.0,0.0,0.0,0.0,2
184,72,216,728,,,,,1.0,0.0,0.0,0.0,2
192,72,208,728,,,,,1.0,0.0,0.0,0.0,2
200,72,200,728,,,,,1.0,0.0,0.0,0.0,2
208,72,192,728,,,,,1.0,0.0,0.0,0.0,2
216,72,184,728,,,,,1.0,0.0,0.0,0.0,2
224,72,176,728,,,,,1.0,0.0,0.0,0.0,2
232,72,168,728,,,,,1.0,0.0,0.0,0.0,2
240,72,160,728,,,,,1.0,0.0,0.0,0.0,2
248,72,152,728,,,,,1.0,0.0,0.0,0.0,2
256,72,144,728,0.0,0.0,0.0,1.0,1.0,0.0,0.0,0.0,3
256,80,144,720,0.0,0.0,0.0,1.0,0.0,1.0,0.0,0.0,3
256,88,144,712,0.0,0.0,0.0,1.0,0.0,1.0,0.0,0.0,3
256,96,144,704,0.0,0.0,0.0,1.0,0.0,1.0,0.0,0.0,3
256,104,144,696,0.0,0.0,0.0,1.0,0.0,1.0,0.0,0.0,3
256,112,144,688,0.0,0.0,0.0,1.0,0.0,1.0,0.0,0.0,3
256,120,144,680,0.0,0.0,0.0,1.0,0.0,1.0,0.0,0.0,3
256,128,144,672,0.0,0.0,0.0,1.0,0.0,1.0,0.0,0.0,3
256,136,144,664,0.0,0.0,0.0,1.0,0.0,1.0,0.0,0.0,3
256,144,144,656,0.0,0.0,0.0,1.0,0.0,1.0,0.0,0.0,3
256,152,144,648,0.0,0.0,0.0,1.0,0.0,1.0,0.0,0.0,3
256,160,144,640,0.0,0.0,0.0,1.0,0.0,1.0,0.0,0.0,3
256,168,144,632,0.0,0.0,0.0,1.0,0.0,1.0,0.0,0.0,3
256,176,144,624,0.0,0.0,0.0,1.0,0.0,1.0,0.0,0.0,3
256,184,144,616,0.0,0.0,0.0,1.0,0.0,1.0,0.0,0.0,3
256,192,144,608,0.0,0.0,0.0,1.0,0.0,1.0,0.0,0.0,3
256,200,144,600,0.0,0.0,0.0,1.0,0.0,1.0,0.0,0.0,3
256,208,144,592,0.0,0.0,0.0,1.0,0.0,1.0,0.0,0.0,3
256,216,144,584,0.0,0.0,0.0,1.0,0.0,1.0,0.0,0.0,3
256,224,144,576,0.0,0.0,0.0,1.0,0.0,1.0,0.0,0.0,3
256,232,144,568,0.0,0.0,0.0,1.0,0.0,1.0,0.0,0.0,3
256,240,144,560,0.0,0.0,0.0,1.0,0.0,1.0,0.0,0.0,3
256,248,144,552,0.0,0.0,0.0,1.0,0.0,1.0,0.0,0.0,3
256,256,144,544,0.0,0.0,0.0,1.0,0.0,1.0,0.0,0.0,3
256,264,144,536,0.0,0.0,0.0,1.0,0.0,1.0,0.0,0.0,3
256,272,144,528,0.0,0.0,0.0,1.0,0.0,1.0,0.0,0.0,3
256,280,144,520,0.0,0.0,0.0,1.0,0.0,1.0,0.0,0.0,3
256,288,144,512,0.0,0.0,0.0,1.0,0.0,1.0,0.0,0.0,3
256,296,144,504,0.0,0.0,0.0,1.0,0.0,1.0,0.0,0.0,3
256,304,144,496,0.0,0.0,0.0,1.0,0.0,1.0,0.0,0.0,3
256,312,144,488,0.0,0.0,0.0,1.0,0.0,1.0,0.0,0.0,3
256,320,144,480,0.0,0.0,0.0,1.0,0.0,1.0,0.0,0.0,3
256,328,144,472,0.0,0.0,0.0,1.0,0.0,1.0,0.0,0.0,3
256,336,144,464,0.0,0.0,0.0,1.0,0.0,1.0,0.0,0.0,3
256,344,144,456,0.0,0.0,0.0,1.0,0.0,1.0,0.0,0.0,3
256,352,144,448,0.0,0.0,0.0,1.0,0.0,1.0,0.0,0.0,3
256,360,144,440,0.0,0.0,0.0,1.0,0.0,1.0,0.0,0.0,3
256,368,144,432,0.0,0.0,0.0,1.0,0.0,1.0,0.0,0.0,3
256,376,144,424,0.0,0.0,0.0,1.0,0.0,1.0,0.0,0.0,3
256,384,144,416,0.0,0.0,0.0,1.0,0.0,1.0,0.0,0.0,3
256,392,144,408,0.0,0.0,0.0,1.0,0.0,1.0,0.0,0.0,3
256,400,144,400,0.0,0.0,0.0,1.0,0.0,1.0,0.0,0.0,3
256,408,144,392,0.0,0.0,0.0,1.0,0.0,1.0,0.0,0.0,3
256,416,144,384,0.0,0.0,0.0,1.0,0.0,1.0,0.0,0.0,3
256,424,144,376,0.0,0.0,0.0,1.0,0.0,1.0,0.0,0.0,3
256,432,144,368,0.0,0.0,0.0,1.0,0.0,1.0,0.0,0.0,3
256,440,144,360,0.0,0.0,0.0,1.0,0.0,1.0,0.0,0.0,3
256,448,144,352,0.0,0.0,0.0,1.0,0.0,1.0,0.0,0.0,3
256,456,144,344,0.0,0.0,0.0,1.0,0.0,1.0,0.0,0.0,3
256,464,144,336,0.0,0.0,0.0,1.0,0.0,1.0,0.0,0.0,3
256,472,144,328,0.0,0.0,0.0,1.0,0.0,1.0,0.0,0.0,3
256,480,144,320,0.0,0.0,0.0,1.0,0.0,1.0,0.0,0.0,3
256,488,144,312,0.0,0.0,0.0,1.0,0.0,1.0,0.0,0.0,3
256,496,144,304,0.0,0.0,0.0,1.0,0.0,1.0,0.0,0.0,3
256,504,144,296,0.0,0.0,0.0,1.0,0.0,1.0,0.0,0.0,3
256,512,144,288,0.0,0.0,0.0,1.0,0.0,1.0,0.0,0.0,3
256,520,144,280,0.0,0.0,0.0,1.0,0.0,1.0,0.0,0.0,3
256,528,144,272,0.0,0.0,0.0,1.0,0.0,1.0,0.0,0.0,3
256,536,144,264,0.0,0.0,0.0,1.0,0.0,1.0,0.0,0.0,3
256,544,144,256,0.0,0.0,0.0,1.0,0.0,1.0,0.0,0.0,3
256,552,144,248,0.0,0.0,0.0,1.0,0.0,1.0,0.0,0.0,3
256,560,144,240,0.0,0.0,0.0,1.0,0.0,1.0,0.0,0.0,3
256,568,144,232,0.0,0.0,0.0,1.0,0.0,1.0,0.0,0.0,3
256,576,144,224,0.0,0.0,0.0,1.0,0.0,1.0,0.0,0.0,3
256,584,144,216,0.0,0.0,0.0,1.0,0.0,1.0,0.0,0.0,3
256,592,144,208,0.0,0.0,0.0,1.0,0.0,1.0,0.0,0.0,3
256,600,144,200,0.0,0.0,0.0,1.0,0.0,1.0,0.0,0.0,3
256,608,144,192,0.0,0.0,0.0,1.0,0.0,1.0,0.0,0.0,3
256,616,144,184,0.0,0.0,0.0,1.0,0.0,1.0,0.0,0.0,3
256,624,144,176,0.0,0.0,0.0,1.0,0.0,1.0,0.0,0.0,3
256,632,144,168,0.0,0.0,0.0,1.0,0.0,1.0,0.0,0.0,3
256,640,144,160,0.0,0.0,0.0,1.0,0.0,1.0,0.0,0.0,3
256,648,144,152,0.0,0.0,0.0,1.0,0.0,1.0,0.0,0.0,3
256,656,144,144,0.0,0.0,0.0,1.0,0.0,1.0,0.0,0.0,3
256,664,144,136,0.0,0.0,0.0,1.0,0.0,1.0,0.0,0.0,3
256,672,144,128,0.0,0.0,0.0,1.0,0.0,1.0,0.0,0.0,3
256,680,144,120,0.0,0.0,0.0,1.0,0.0,1.0,0.0,0.0,3
256,688,144,112,0.0,0.0,0.0,1.0,0.0,1.0,0.0,0.0,3
256,696,144,104,0.0,0.0,0.0,1.0,0.0,1.0,0.0,0.0,3
256,704,144,96,0.0,0.0,0.0,1.0,0.0,1.0,0.0,0.0,3
256,712,144,88,0.0,0.0,0.0,1.0,0.0,1.0,0.0,0.0,3
256,720,144,80,0.0,0.0,0.0,1.0,0.0,1.0,0.0,0.0,3
256,728,144,72,0.0,0.0,0.0,1.0,0.0,1.0,0.0,0.0,3
256,736,144,64,0.0,0.0,0.0,1.0,0.0,1.0,0.0,0.0,3
256,744,144,56,0.0,1.0,0.0,0.0,0.0,1.0,0.0,0.0,1
256,736,144,64,0.0,1.0,0.0,0.0,0.0,0.0,0.0,1.0,1
256,728,144,72,0.0,1.0,0.0,0.0,0.0,0.0,0.0,1.0,1
256,720,144,80,0.0,1.0,0.0,0.0,0.0,0.0,0.0,1.0,1
256,712,144,88,0.0,1.0,0.0,0.0,0.0,0.0,0.0,1.0,1
256,704,144,96,0.0,1.0,0.0,0.0,0.0,0.0,0.0,1.0,1
256,696,144,104,0.0,1.0,0.0,0.0,0.0,0.0,0.0,1.0,1
256,688,144,112,0.0,1.0,0.0,0.0,0.0,0.0,0.0,1.0,1
256,680,144,120,0.0,1.0,0.0,0.0,0.0,0.0,0.0,1.0,1
256,672,144,128,0.0,1.0,0.0,0.0,0.0,0.0,0.0,1.0,1
256,664,144,136,0.0,1.0,0.0,0.0,0.0,0.0,0.0,1.0,1
256,656,144,144,0.0,1.0,0.0,0.0,0.0,0.0,0.0,1.0,1
256,648,144,152,0.0,1.0,0.0,0.0,0.0,0.0,0.0,1.0,1
256,640,144,160,0.0,1.0,0.0,0.0,0.0,0.0,0.0,1.0,1
256,632,144,168,0.0,1.0,0.0,0.0,0.0,0.0,0.0,1.0,1
256,624,144,176,0.0,1.0,0.0,0.0,0.0,0.0,0.0,1.0,1
256,616,144,184,0.0,1.0,0.0,0.0,0.0,0.0,0.0,1.0,1
256,608,144,192,0.0,1.0,0.0,0.0,0.0,0.0,0.0,1.0,1
256,600,144,200,0.0,1.0,0.0,0.0,0.0,0.0,0.0,1.0,1
256,592,144,208,0.0,1.0,0.0,0.0,0.0,0.0,0.0,1.0,1
256,584,144,216,0.0,1.0,0.0,0.0,0.0,0.0,0.0,1.0,1
256,576,144,224,0.0,1.0,0.0,0.0,0.0,0.0,0.0,1.0,1
256,568,144,232,0.0,1.0,0.0,0.0,0.0,0.0,0.0,1.0,1
256,560,144,240,0.0,1.0,0.0,0.0,0.0,0.0,0.0,1.0,1
256,552,144,248,0.0,1.0,0.0,0.0,0.0,0.0,0.0,1.0,1
256,544,144,256,0.0,1.0,0.0,0.0,0.0,0.0,0.0,1.0,1
256,536,144,264,0.0,1.0,0.0,0.0,0.0,0.0,0.0,1.0,1
256,528,144,272,0.0,1.0,0.0,0.0,0.0,0.0,0.0,1.0,1
256,520,144,280,0.0,1.0,0.0,0.0,0.0,0.0,0.0,1.0,1
256,512,144,288,0.0,1.0,0.0,0.0,0.0,0.0,0.0,1.0,1
256,504,144,296,0.0,1.0,0.0,0.0,0.0,0.0,0.0,1.0,1
256,496,144,304,0.0,1.0,0.0,0.0,0.0,0.0,0.0,1.0,1
256,488,144,312,0.0,1.0,0.0,0.0,0.0,0.0,0.0,1.0,1
256,480,144,320,0.0,1.0,0.0,0.0,0.0,0.0,0.0,1.0,1
256,472,144,328,0.0,1.0,0.0,0.0,0.0,0.0,0.0,1.0,1
256,464,144,336,0.0,1.0,0.0,0.0,0.0,0.0,0.0,1.0,1
256,456,144,344,0.0,1.0,0.0,0.0,0.0,0.0,0.0,1.0,1
256,448,144,352,0.0,1.0,0.0,0.0,0.0,0.0,0.0,1.0,1
256,440,144,360,0.0,1.0,0.0,0.0,0.0,0.0,0.0,1.0,1
256,432,144,368,0.0,1.0,0.0,0.0,0.0,0.0,0.0,1.0,1
256,424,144,376,0.0,1.0,0.0,0.0,0.0,0.0,0.0,1.0,1
256,416,144,384,0.0,1.0,0.0,0.0,0.0,0.0,0.0,1.0,1
256,408,144,392,0.0,1.0,0.0,0.0,0.0,0.0,0.0,1.0,1
256,400,144,400,0.0,1.0,0.0,0.0,0.0,0.0,0.0,1.0,1
256,392,144,408,0.0,1.0,0.0,0.0,0.0,0.0,0.0,1.0,1
256,384,144,416,0.0,1.0,0.0,0.0,0.0,0.0,0.0,1.0,1
256,376,144,424,0.0,1.0,0.0,0.0,0.0,0.0,0.0,1.0,1
256,368,144,432,0.0,1.0,0.0,0.0,0.0,0.0,0.0,1.0,1
256,360,144,440,0.0,1.0,0.0,0.0,0.0,0.0,0.0,1.0,1
256,352,144,448,0.0,1.0,0.0,0.0,0.0,0.0,0.0,1.0,1
256,344,144,456,0.0,1.0,0.0,0.0,0.0,0.0,0.0,1.0,1
256,336,144,464,0.0,1.0,0.0,0.0,0.0,0.0,0.0,1.0,1
256,328,144,472,0.0,1.0,0.0,0.0,0.0,0.0,0.0,1.0,1
256,320,144,480,0.0,1.0,0.0,0.0,0.0,0.0,0.0,1.0,1
256,312,144,488,0.0,1.0,0.0,0.0,0.0,0.0,0.0,1.0,1
256,304,144,496,0.0,1.0,0.0,0.0,0.0,0.0,0.0,1.0,1
256,296,144,504,0.0,1.0,0.0,0.0,0.0,0.0,0.0,1.0,1
256,288,144,512,0.0,1.0,0.0,0.0,0.0,0.0,0.0,1.0,1
256,280,144,520,0.0,1.0,0.0,0.0,0.0,0.0,0.0,1.0,1
256,272,144,528,0.0,1.0,0.0,0.0,0.0,0.0,0.0,1.0,1
256,264,144,536,0.0,1.0,0.0,0.0,0.0,0.0,0.0,1.0,1
256,256,144,544,0.0,1.0,0.0,0.0,0.0,0.0,0.0,1.0,1
256,248,144,552,0.0,1.0,0.0,0.0,0.0,0.0,0.0,1.0,1
256,240,144,560,0.0,1.0,0.0,0.0,0.0,0.0,0.0,1.0,1
256,232,144,568,,,,,0.0,0.0,0.0,1.0,0
248,232,152,568,,,,,0.0,0.0,1.0,0.0,0
240,232,160,568,,,,,0.0,0.0,1.0,0.0,0
232,232,168,568,,,,,0.0,0.0,1.0,0.0,0
224,232,176,568,,,,,0.0,0.0,1.0,0.0,0
216,232,184,568,,,,,0.0,0.0,1.0,0.0,0
208,232,192,568,,,,,0.0,0.0,1.0,0.0,0
200,232,200,568,,,,,0.0,0.0,1.0,0.0,0
192,232,208,568,,,,,0.0,0.0,1.0,0.0,0
184,232,216,568,,,,,0.0,0.0,1.0,0.0,0
176,232,224,568,,,,,0.0,0.0,1.0,0.0,0
168,232,232,568,,,,,0.0,0.0,1.0,0.0,0
160,232,240,568,0.0,0.0,0.0,1.0,0.0,0.0,1.0,0.0,3
160,240,240,560,0.0,0.0,0.0,1.0,0.0,1.0,0.0,0.0,3
160,248,240,552,0.0,0.0,0.0,1.0,0.0,1.0,0.0,0.0,3
160,256,240,544,0.0,0.0,0.0,1.0,0.0,1.0,0.0,0.0,3
160,264,240,536,0.0,0.0,0.0,1.0,0.0,1.0,0.0,0.0,3
160,272,240,528,0.0,0.0,0.0,1.0,0.0,1.0,0.0,0.0,3
160,280,240,520,,,,,0.0,1.0,0.0,0.0,2
168,280,232,520,,,,,1.0,0.0,0.0,0.0,2
176,280,224,520,,,,,1.0,0.0,0.0,0.0,2
184,280,216,520,,,,,1.0,0.0,0.0,0.0,2
192,280,208,520,,,,,1.0,0.0,0.0,0.0,2
200,280,200,520,,,,,1.0,0.0,0.0,0.0,2
208,280,192,520,,,,,1.0,0.0,0.0,0.0,2
216,280,184,520,,,,,1.0,0.0,0.0,0.0,2
224,280,176,520,,,,,1.0,0.0,0.0,0.0,2
232,280,168,520,,,,,1.0,0.0,0.0,0.0,2
240,280,160,520,,,,,1.0,0.0,0.0,0.0,2
248,280,152,520,,,,,1.0,0.0,0.0,0.0,2
256,280,144,520,,,,,1.0,0.0,0.0,0.0,2
264,280,136,520,,,,,1.0,0.0,0.0,0.0,2
272,280,128,520,0.0,1.0,0.0,0.0,1.0,0.0,0.0,0.0,1
272,272,128,528,0.0,1.0,0.0,0.0,0.0,0.0,0.0,1.0,1
272,264,128,536,0.0,1.0,0.0,0.0,0.0,0.0,0.0,1.0,1
272,256,128,544,0.0,1.0,0.0,0.0,0.0,0.0,0.0,1.0,1
272,248,128,552,0.0,1.0,0.0,0.0,0.0,0.0,0.0,1.0,1
272,240,128,560,0.0,1.0,0.0,0.0,0.0,0.0,0.0,1.0,1
272,232,128,568,0.0,1.0,0.0,0.0,0.0,0.0,0.0,1.0,1
272,224,128,576,0.0,1.0,0.0,0.0,0.0,0.0,0.0,1.0,1
272,216,128,584,0.0,1.0,0.0,0.0,0.0,0.0,0.0,1.0,1
272,208,128,592,0.0,1.0,0.0,0.0,0.0,0.0,0.0,1.0,1
272,200,128,600,0.0,1.0,0.0,0.0,0.0,0.0,0.0,1.0,1
272,192,128,608,0.0,1.0,0.0,0.0,0.0,0.0,0.0,1.0,1
272,184,128,616,0.0,1.0,0.0,0.0,0.0,0.0,0.0,1.0,1
272,176,128,624,0.0,1.0,0.0,0.0,0.0,0.0,0.0,1.0,1
272,168,128,632,0.0,1.0,0.0,0.0,0.0,0.0,0.0,1.0,1
272,160,128,640,0.0,1.0,0.0,0.0,0.0,0.0,0.0,1.0,1
272,152,128,648,0.0,1.0,0.0,0.0,0.0,0.0,0.0,1.0,1
272,144,128,656,0.0,1.0,0.0,0.0,0.0,0.0,0.0,1.0,1
272,136,128,664,0.0,1.0,0.0,0.0,0.0,0.0,0.0,1.0,1
272,128,128,672,0.0,1.0,0.0,0.0,0.0,0.0,0.0,1.0,1
272,120,128,680,0.0,1.0,0.0,0.0,0.0,0.0,0.0,1.0,1
272,112,128,688,0.0,1.0,0.0,0.0,0.0,0.0,0.0,1.0,1
272,104,128,696,,,,,0.0,0.0,0.0,1.0,0
264,104,136,696,,,,,0.0,0.0,1.0,0.0,0
256,104,144,696,,,,,0.0,0.0,1.0,0.0,0
248,104,152,696,,,,,0.0,0.0,1.0,0.0,0
240,104,160,696,,,,,0.0,0.0,1.0,0.0,0
232,104,168,696,,,,,0.0,0.0,1.0,0.0,0
224,104,176,696,,,,,0.0,0.0,1.0,0.0,0
216,104,184,696,,,,,0.0,0.0,1.0,0.0,0
208,104,192,696,,,,,0.0,0.0,1.0,0.0,0
200,104,200,696,,,,,0.0,0.0,1.0,0.0,0
192,104,208,696,,,,,0.0,0.0,1.0,0.0,0
184,104,216,696,,,,,0.0,0.0,1.0,0.0,0
176,104,224,696,,,,,0.0,0.0,1.0,0.0,0
168,104,232,696,,,,,0.0,0.0,1.0,0.0,0
160,104,240,696,,,,,0.0,0.0,1.0,0.0,0
152,104,248,696,,,,,0.0,0.0,1.0,0.0,0
144,104,256,696,,,,,0.0,0.0,1.0,0.0,0
136,104,264,696,,,,,0.0,0.0,1.0,0.0,0
128,104,272,696,,,,,0.0,0.0,1.0,0.0,0
120,104,280,696,,,,,0.0,0.0,1.0,0.0,0
112,104,288,696,0.0,0.0,0.0,1.0,0.0,0.0,1.0,0.0,3
112,112,288,688,0.0,0.0,0.0,1.0,0.0,1.0,0.0,0.0,3
112,120,288,680,0.0,0.0,0.0,1.0,0.0,1.0,0.0,0.0,3
112,128,288,672,0.0,0.0,0.0,1.0,0.0,1.0,0.0,0.0,3
